data,cena,spolka,zmiana_proc,max_zmienny_miesiac
2023-08-14 17:00:00,75.5999984741211,CBF.WA,,2023-08
2023-08-16 17:00:00,77.0,CBF.WA,1.851853907587242,2023-08
2023-08-17 17:00:00,76.0,CBF.WA,-1.2987012987012991,2023-08
2023-08-18 17:00:00,76.5999984741211,CBF.WA,0.7894716764751175,2023-08
2023-08-21 17:00:00,78.0,CBF.WA,1.827678268625399,2023-08
2023-08-22 17:00:00,77.0,CBF.WA,-1.2820512820512775,2023-08
2023-08-23 17:00:00,76.4000015258789,CBF.WA,-0.7792187975598663,2023-08
2023-08-24 17:00:00,75.0,CBF.WA,-1.8324626936096156,2023-08
2023-08-25 17:00:00,74.80000305175781,CBF.WA,-0.2666625976562531,2023-08
2023-08-28 17:00:00,71.4000015258789,CBF.WA,-4.545456399949977,2023-08
2023-08-29 17:00:00,74.4000015258789,CBF.WA,4.201680582475409,2023-08
2023-08-30 17:00:00,72.4000015258789,CBF.WA,-2.688171987878696,2023-08
2023-08-31 17:00:00,70.0,CBF.WA,-3.3149191647752096,2023-08
2023-09-01 17:00:00,71.80000305175781,CBF.WA,2.5714329310825956,2023-09
2023-09-04 17:00:00,73.19999694824219,CBF.WA,1.9498521406401181,2023-09
2023-09-05 17:00:00,80.4000015258789,CBF.WA,9.836072237445116,2023-09
2023-09-06 17:00:00,81.4000015258789,CBF.WA,1.2437810709221564,2023-09
2023-09-07 17:00:00,81.0,CBF.WA,-0.49140235673305055,2023-09
2023-09-08 17:00:00,81.0,CBF.WA,0.0,2023-09
2023-09-11 17:00:00,80.0,CBF.WA,-1.2345679012345734,2023-09
2023-09-12 17:00:00,79.80000305175781,CBF.WA,-0.2499961853027366,2023-09
2023-09-13 17:00:00,80.5999984741211,CBF.WA,1.0025004909390844,2023-09
2023-09-14 17:00:00,80.19999694824219,CBF.WA,-0.4962798181780803,2023-09
2023-09-15 17:00:00,80.19999694824219,CBF.WA,0.0,2023-09
2023-09-18 17:00:00,79.0,CBF.WA,-1.496255603371921,2023-09
2023-09-19 17:00:00,81.19999694824219,CBF.WA,2.7848062635977167,2023-09
2023-09-20 17:00:00,80.0,CBF.WA,-1.4778288095344094,2023-09
2023-09-21 17:00:00,79.4000015258789,CBF.WA,-0.7499980926513716,2023-09
2023-09-22 17:00:00,80.4000015258789,CBF.WA,1.2594458196251601,2023-09
2023-09-25 17:00:00,80.0,CBF.WA,-0.4975143262281545,2023-09
2023-09-26 17:00:00,79.0,CBF.WA,-1.2499999999999956,2023-09
2023-09-27 17:00:00,80.5999984741211,CBF.WA,2.025314524203914,2023-09
2023-09-28 17:00:00,78.0,CBF.WA,-3.225804619532213,2023-09
2023-09-29 17:00:00,79.19999694824219,CBF.WA,1.5384576259515281,2023-09
2023-10-02 17:00:00,79.0,CBF.WA,-0.2525214090259187,2023-10
2023-10-03 17:00:00,79.0,CBF.WA,0.0,2023-10
2023-10-04 17:00:00,79.80000305175781,CBF.WA,1.0126620908326833,2023-10
2023-10-05 17:00:00,79.5999984741211,CBF.WA,-0.25063229321807823,2023-10
2023-10-06 17:00:00,80.0,CBF.WA,0.5025144893802347,2023-10
2023-10-09 17:00:00,79.4000015258789,CBF.WA,-0.7499980926513716,2023-10
2023-10-10 17:00:00,79.80000305175781,CBF.WA,0.5037802496118848,2023-10
2023-10-11 17:00:00,79.0,CBF.WA,-1.002510051583505,2023-10
2023-10-12 17:00:00,78.80000305175781,CBF.WA,-0.25316069397745,2023-10
2023-10-13 17:00:00,78.80000305175781,CBF.WA,0.0,2023-10
2023-10-16 17:00:00,78.80000305175781,CBF.WA,0.0,2023-10
2023-10-17 17:00:00,79.80000305175781,CBF.WA,1.2690354838478468,2023-10
2023-10-18 17:00:00,80.80000305175781,CBF.WA,1.2531327841571738,2023-10
2023-10-19 17:00:00,79.5999984741211,CBF.WA,-1.4851541241502675,2023-10
2023-10-20 17:00:00,78.4000015258789,CBF.WA,-1.5075338834740326,2023-10
2023-10-23 17:00:00,78.0,CBF.WA,-0.5102060179767554,2023-10
2023-10-24 17:00:00,77.0,CBF.WA,-1.2820512820512775,2023-10
2023-10-25 17:00:00,77.80000305175781,CBF.WA,1.0389650022828656,2023-10
2023-10-26 17:00:00,73.5999984741211,CBF.WA,-5.398463255640995,2023-10
2023-10-27 17:00:00,75.4000015258789,CBF.WA,2.4456563710265833,2023-10
2023-10-30 17:00:00,76.4000015258789,CBF.WA,1.326259920109929,2023-10
2023-10-31 17:00:00,76.80000305175781,CBF.WA,0.5235621961910741,2023-10
2023-11-02 17:00:00,76.19999694824219,CBF.WA,-0.7812579162415734,2023-11
2023-11-03 17:00:00,74.4000015258789,CBF.WA,-2.3621988116166226,2023-11
2023-11-06 17:00:00,76.0,CBF.WA,2.1505355393904857,2023-11
2023-11-07 17:00:00,79.4000015258789,CBF.WA,4.473686218261719,2023-11
2023-11-08 17:00:00,76.0,CBF.WA,-4.282117708487377,2023-11
2023-11-09 17:00:00,79.0,CBF.WA,3.9473684210526327,2023-11
2023-11-10 17:00:00,79.4000015258789,CBF.WA,0.5063310454163306,2023-11
2023-11-13 17:00:00,81.0,CBF.WA,2.0151113896384576,2023-11
2023-11-14 17:00:00,83.4000015258789,CBF.WA,2.9629648467640823,2023-11
2023-11-15 17:00:00,84.0,CBF.WA,0.7194226176781449,2023-11
2023-11-16 17:00:00,82.4000015258789,CBF.WA,-1.904760088239399,2023-11
2023-11-17 17:00:00,81.4000015258789,CBF.WA,-1.2135922105364738,2023-11
2023-11-20 17:00:00,81.19999694824219,CBF.WA,-0.24570586472670852,2023-11
2023-11-21 17:00:00,82.4000015258789,CBF.WA,1.4778382053408423,2023-11
2023-11-22 17:00:00,82.0,CBF.WA,-0.48543873600934706,2023-11
2023-11-23 17:00:00,83.0,CBF.WA,1.2195121951219523,2023-11
2023-11-24 17:00:00,83.0,CBF.WA,0.0,2023-11
2023-11-27 17:00:00,81.19999694824219,CBF.WA,-2.168678375611821,2023-11
2023-11-28 17:00:00,81.80000305175781,CBF.WA,0.738923800573632,2023-11
2023-11-29 17:00:00,85.0,CBF.WA,3.9119765633962578,2023-11
2023-11-30 17:00:00,88.0,CBF.WA,3.529411764705892,2023-11
2023-12-01 17:00:00,89.5999984741211,CBF.WA,1.8181800842285156,2023-12
2023-12-04 17:00:00,88.0,CBF.WA,-1.7857126131349377,2023-12
2023-12-05 17:00:00,88.4000015258789,CBF.WA,0.4545471884987551,2023-12
2023-12-06 17:00:00,89.0,CBF.WA,0.6787312938512091,2023-12
2023-12-07 17:00:00,88.0,CBF.WA,-1.1235955056179803,2023-12
2023-12-08 17:00:00,88.19999694824219,CBF.WA,0.22726925936611408,2023-12
2023-12-11 17:00:00,88.0,CBF.WA,-0.22675391741742157,2023-12
2023-12-12 17:00:00,88.4000015258789,CBF.WA,0.4545471884987551,2023-12
2023-12-13 17:00:00,92.8000030517578,CBF.WA,4.977377205803335,2023-12
2023-12-14 17:00:00,93.0,CBF.WA,0.21551394575995975,2023-12
2023-12-15 17:00:00,96.5999984741211,CBF.WA,3.8709661012054752,2023-12
2023-12-18 17:00:00,97.0,CBF.WA,0.41408026107376816,2023-12
2023-12-19 17:00:00,96.8000030517578,CBF.WA,-0.20618242086825056,2023-12
2023-12-20 17:00:00,94.0,CBF.WA,-2.8925650449212026,2023-12
2023-12-21 17:00:00,91.0,CBF.WA,-3.1914893617021267,2023-12
2023-12-22 17:00:00,87.5999984741211,CBF.WA,-3.736265413053741,2023-12
2023-12-27 17:00:00,88.0,CBF.WA,0.4566227543908896,2023-12
2023-12-28 17:00:00,87.80000305175781,CBF.WA,-0.2272692593661252,2023-12
2023-12-29 17:00:00,87.4000015258789,CBF.WA,-0.4555825876715547,2023-12
2024-01-02 17:00:00,85.5999984741211,CBF.WA,-2.0595000232635385,2024-01
2024-01-03 17:00:00,88.0,CBF.WA,2.8037401503044235,2024-01
2024-01-04 17:00:00,93.0,CBF.WA,5.681818181818188,2024-01
2024-01-05 17:00:00,90.8000030517578,CBF.WA,-2.365588116389461,2024-01
2024-01-08 17:00:00,92.5999984741211,CBF.WA,1.9823737465485047,2024-01
2024-01-09 17:00:00,92.4000015258789,CBF.WA,-0.21597942930644543,2024-01
2024-01-10 17:00:00,92.0,CBF.WA,-0.4329020771356551,2024-01
2024-01-11 17:00:00,93.0,CBF.WA,1.0869565217391353,2024-01
2024-01-12 17:00:00,94.0,CBF.WA,1.0752688172043001,2024-01
2024-01-15 17:00:00,92.4000015258789,CBF.WA,-1.7021260362990343,2024-01
2024-01-16 17:00:00,91.0,CBF.WA,-1.5151531415146136,2024-01
2024-01-17 17:00:00,89.0,CBF.WA,-2.197802197802201,2024-01
2024-01-18 17:00:00,89.80000305175781,CBF.WA,0.8988798334357506,2024-01
2024-01-19 17:00:00,91.4000015258789,CBF.WA,1.7817354340165403,2024-01
2024-01-22 17:00:00,91.0,CBF.WA,-0.4376384236335573,2024-01
2024-01-23 17:00:00,89.80000305175781,CBF.WA,-1.3186779651013003,2024-01
2024-01-24 17:00:00,90.0,CBF.WA,0.22271374325779636,2024-01
2024-01-25 17:00:00,90.0,CBF.WA,0.0,2024-01
2024-01-26 17:00:00,90.8000030517578,CBF.WA,0.8888922797308796,2024-01
2024-01-29 17:00:00,91.5999984741211,CBF.WA,0.8810521976604813,2024-01
2024-01-30 17:00:00,90.1999969482422,CBF.WA,-1.528385970742585,2024-01
2024-01-31 17:00:00,90.4000015258789,CBF.WA,0.2217345725094244,2024-01
2024-02-01 17:00:00,90.0,CBF.WA,-0.44247955655664084,2024-02
2024-02-02 17:00:00,91.0,CBF.WA,1.1111111111111072,2024-02
2024-02-05 17:00:00,89.19999694824219,CBF.WA,-1.9780253316019958,2024-02
2024-02-06 17:00:00,88.5999984741211,CBF.WA,-0.6726440522965893,2024-02
2024-02-07 17:00:00,87.0,CBF.WA,-1.8058673833819872,2024-02
2024-02-08 17:00:00,92.8000030517578,CBF.WA,6.666670174434253,2024-02
2024-02-09 17:00:00,94.5999984741211,CBF.WA,1.9396501758295992,2024-02
2024-02-12 17:00:00,96.4000015258789,CBF.WA,1.9027516710269587,2024-02
2024-02-13 17:00:00,93.1999969482422,CBF.WA,-3.319506770731384,2024-02
2024-02-14 17:00:00,96.5999984741211,CBF.WA,3.6480704261900865,2024-02
2024-02-15 17:00:00,100.0,CBF.WA,3.5196703722410128,2024-02
2024-02-16 17:00:00,102.0,CBF.WA,2.0000000000000018,2024-02
2024-02-19 17:00:00,103.5,CBF.WA,1.4705882352941124,2024-02
2024-02-20 17:00:00,104.0,CBF.WA,0.48309178743961567,2024-02
2024-02-21 17:00:00,100.5,CBF.WA,-3.3653846153846145,2024-02
2024-02-22 17:00:00,101.0,CBF.WA,0.4975124378109541,2024-02
2024-02-23 17:00:00,100.5,CBF.WA,-0.4950495049504955,2024-02
2024-02-26 17:00:00,103.0,CBF.WA,2.487562189054726,2024-02
2024-02-27 17:00:00,103.5,CBF.WA,0.4854368932038833,2024-02
2024-02-28 17:00:00,105.0,CBF.WA,1.449275362318847,2024-02
2024-02-29 17:00:00,109.5,CBF.WA,4.285714285714293,2024-02
2024-03-01 17:00:00,110.0,CBF.WA,0.45662100456620447,2024-03
2024-03-04 17:00:00,111.5,CBF.WA,1.3636363636363669,2024-03
2024-03-05 17:00:00,111.0,CBF.WA,-0.4484304932735439,2024-03
2024-03-06 17:00:00,105.0,CBF.WA,-5.405405405405405,2024-03
2024-03-07 17:00:00,104.0,CBF.WA,-0.952380952380949,2024-03
2024-03-08 17:00:00,103.0,CBF.WA,-0.9615384615384581,2024-03
2024-03-11 17:00:00,101.0,CBF.WA,-1.9417475728155331,2024-03
2024-03-12 17:00:00,104.0,CBF.WA,2.970297029702973,2024-03
2024-03-13 17:00:00,106.5,CBF.WA,2.4038461538461453,2024-03
2024-03-14 17:00:00,105.0,CBF.WA,-1.4084507042253502,2024-03
2024-03-15 17:00:00,106.0,CBF.WA,0.952380952380949,2024-03
2024-03-18 17:00:00,102.0,CBF.WA,-3.7735849056603765,2024-03
2024-03-19 17:00:00,101.0,CBF.WA,-0.9803921568627416,2024-03
2024-03-20 17:00:00,99.5999984741211,CBF.WA,-1.3861401246325844,2024-03
2024-03-21 17:00:00,100.5,CBF.WA,0.9036160036817176,2024-03
2024-03-22 17:00:00,101.0,CBF.WA,0.4975124378109541,2024-03
2024-03-25 17:00:00,102.0,CBF.WA,0.990099009900991,2024-03
2024-03-26 17:00:00,102.0,CBF.WA,0.0,2024-03
2024-03-27 17:00:00,107.0,CBF.WA,4.90196078431373,2024-03
2024-03-28 17:00:00,111.0,CBF.WA,3.738317757009346,2024-03
2024-04-02 17:00:00,112.0,CBF.WA,0.9009009009008917,2024-04
2024-04-03 17:00:00,109.0,CBF.WA,-2.67857142857143,2024-04
2024-04-04 17:00:00,106.5,CBF.WA,-2.2935779816513735,2024-04
2024-04-05 17:00:00,105.5,CBF.WA,-0.9389671361502372,2024-04
2024-04-08 17:00:00,106.5,CBF.WA,0.9478672985782088,2024-04
2024-04-09 17:00:00,109.0,CBF.WA,2.3474178403755763,2024-04
2024-04-10 17:00:00,109.0,CBF.WA,0.0,2024-04
2024-04-11 17:00:00,107.0,CBF.WA,-1.834862385321101,2024-04
2024-04-12 17:00:00,107.0,CBF.WA,0.0,2024-04
2024-04-15 17:00:00,109.0,CBF.WA,1.869158878504673,2024-04
2024-04-16 17:00:00,108.0,CBF.WA,-0.917431192660545,2024-04
2024-04-17 17:00:00,111.0,CBF.WA,2.777777777777768,2024-04
2024-04-18 17:00:00,113.0,CBF.WA,1.8018018018018056,2024-04
2024-04-19 17:00:00,117.5,CBF.WA,3.9823008849557473,2024-04
2024-04-22 17:00:00,116.5,CBF.WA,-0.8510638297872353,2024-04
2024-04-23 17:00:00,117.5,CBF.WA,0.8583690987124415,2024-04
2024-04-24 17:00:00,111.5,CBF.WA,-5.106382978723401,2024-04
2024-04-25 17:00:00,108.0,CBF.WA,-3.139013452914796,2024-04
2024-04-26 17:00:00,112.0,CBF.WA,3.703703703703698,2024-04
2024-04-29 17:00:00,115.5,CBF.WA,3.125,2024-04
2024-04-30 17:00:00,111.5,CBF.WA,-3.463203463203468,2024-04
2024-05-02 17:00:00,110.5,CBF.WA,-0.8968609865470878,2024-05
2024-05-06 17:00:00,112.5,CBF.WA,1.8099547511312153,2024-05
2024-05-07 17:00:00,110.5,CBF.WA,-1.7777777777777781,2024-05
2024-05-08 17:00:00,112.0,CBF.WA,1.3574660633484115,2024-05
2024-05-09 17:00:00,110.0,CBF.WA,-1.7857142857142905,2024-05
2024-05-10 17:00:00,120.0,CBF.WA,9.090909090909083,2024-05
2024-05-13 17:00:00,126.5,CBF.WA,5.41666666666667,2024-05
2024-05-14 17:00:00,133.0,CBF.WA,5.138339920948609,2024-05
2024-05-15 17:00:00,130.5,CBF.WA,-1.8796992481203034,2024-05
2024-05-16 17:00:00,135.0,CBF.WA,3.4482758620689724,2024-05
2024-05-17 17:00:00,130.0,CBF.WA,-3.703703703703709,2024-05
2024-05-20 17:00:00,131.0,CBF.WA,0.7692307692307665,2024-05
2024-05-21 17:00:00,138.5,CBF.WA,5.725190839694649,2024-05
2024-05-22 17:00:00,137.0,CBF.WA,-1.0830324909747335,2024-05
2024-05-23 17:00:00,137.0,CBF.WA,0.0,2024-05
2024-05-24 17:00:00,138.5,CBF.WA,1.0948905109489093,2024-05
2024-05-27 17:00:00,134.0,CBF.WA,-3.2490974729241895,2024-05
2024-05-28 17:00:00,132.5,CBF.WA,-1.1194029850746245,2024-05
2024-05-29 17:00:00,129.5,CBF.WA,-2.264150943396226,2024-05
2024-05-31 17:00:00,130.0,CBF.WA,0.38610038610038533,2024-05
2024-06-03 17:00:00,131.0,CBF.WA,0.7692307692307665,2024-06
2024-06-04 17:00:00,130.5,CBF.WA,-0.3816793893129722,2024-06
2024-06-05 17:00:00,126.0,CBF.WA,-3.4482758620689613,2024-06
2024-06-06 17:00:00,126.0,CBF.WA,0.0,2024-06
2024-06-07 17:00:00,126.0,CBF.WA,0.0,2024-06
2024-06-10 17:00:00,124.0,CBF.WA,-1.5873015873015928,2024-06
2024-06-11 17:00:00,125.0,CBF.WA,0.8064516129032251,2024-06
2024-06-12 17:00:00,123.0,CBF.WA,-1.6000000000000014,2024-06
2024-06-13 17:00:00,120.0,CBF.WA,-2.4390243902439046,2024-06
2024-06-14 17:00:00,120.0,CBF.WA,0.0,2024-06
2024-06-17 17:00:00,120.0,CBF.WA,0.0,2024-06
2024-06-18 17:00:00,119.0,CBF.WA,-0.8333333333333304,2024-06
2024-06-19 17:00:00,125.5,CBF.WA,5.462184873949583,2024-06
2024-06-20 17:00:00,127.5,CBF.WA,1.5936254980079667,2024-06
2024-06-21 17:00:00,127.5,CBF.WA,0.0,2024-06
2024-06-24 17:00:00,125.5,CBF.WA,-1.5686274509803977,2024-06
2024-06-25 17:00:00,125.0,CBF.WA,-0.3984063745019917,2024-06
2024-06-26 17:00:00,125.0,CBF.WA,0.0,2024-06
2024-06-27 17:00:00,122.5,CBF.WA,-2.0000000000000018,2024-06
2024-06-28 17:00:00,125.0,CBF.WA,2.0408163265306145,2024-06
2024-07-01 17:00:00,126.0,CBF.WA,0.8000000000000007,2024-07
2024-07-02 17:00:00,130.5,CBF.WA,3.571428571428581,2024-07
2024-07-03 17:00:00,128.0,CBF.WA,-1.9157088122605415,2024-07
2024-07-04 17:00:00,125.5,CBF.WA,-1.953125,2024-07
2024-07-05 17:00:00,129.0,CBF.WA,2.7888446215139417,2024-07
2024-07-08 17:00:00,136.5,CBF.WA,5.813953488372103,2024-07
2024-07-09 17:00:00,133.5,CBF.WA,-2.197802197802201,2024-07
2024-07-10 17:00:00,134.0,CBF.WA,0.3745318352059934,2024-07
2024-07-11 17:00:00,133.0,CBF.WA,-0.7462686567164201,2024-07
2024-07-12 17:00:00,131.5,CBF.WA,-1.1278195488721776,2024-07
2024-07-15 17:00:00,132.5,CBF.WA,0.7604562737642651,2024-07
2024-07-16 17:00:00,128.0,CBF.WA,-3.396226415094339,2024-07
2024-07-17 17:00:00,128.0,CBF.WA,0.0,2024-07
2024-07-18 17:00:00,134.0,CBF.WA,4.6875,2024-07
2024-07-19 17:00:00,130.0,CBF.WA,-2.985074626865669,2024-07
2024-07-22 17:00:00,132.0,CBF.WA,1.538461538461533,2024-07
2024-07-23 17:00:00,130.0,CBF.WA,-1.5151515151515138,2024-07
2024-07-24 17:00:00,128.0,CBF.WA,-1.538461538461533,2024-07
2024-07-25 17:00:00,131.0,CBF.WA,2.34375,2024-07
2024-07-26 17:00:00,130.0,CBF.WA,-0.7633587786259555,2024-07
2024-07-29 17:00:00,129.5,CBF.WA,-0.38461538461538325,2024-07
2024-07-30 17:00:00,129.0,CBF.WA,-0.38610038610038533,2024-07
2024-07-31 17:00:00,130.0,CBF.WA,0.7751937984496138,2024-07
2024-08-01 17:00:00,134.0,CBF.WA,3.076923076923066,2024-08
2024-08-02 17:00:00,128.0,CBF.WA,-4.477611940298509,2024-08
2024-08-05 17:00:00,125.0,CBF.WA,-2.34375,2024-08
2024-08-06 17:00:00,121.0,CBF.WA,-3.200000000000003,2024-08
2024-08-07 17:00:00,122.5,CBF.WA,1.2396694214876103,2024-08
2024-08-08 17:00:00,124.5,CBF.WA,1.6326530612244872,2024-08
2024-08-09 17:00:00,124.0,CBF.WA,-0.40160642570281624,2024-08
2024-08-12 17:00:00,129.5,CBF.WA,4.435483870967749,2024-08
2024-08-13 17:00:00,126.0,CBF.WA,-2.7027027027026973,2024-08
2024-08-14 17:00:00,125.0,CBF.WA,-0.7936507936507908,2024-08
2024-08-16 17:00:00,122.5,CBF.WA,-2.0000000000000018,2024-08
2024-08-19 17:00:00,125.5,CBF.WA,2.448979591836742,2024-08
2024-08-20 17:00:00,120.5,CBF.WA,-3.984063745019917,2024-08
2024-08-21 17:00:00,123.0,CBF.WA,2.0746887966804906,2024-08
2024-08-22 17:00:00,123.0,CBF.WA,0.0,2024-08
2024-08-23 17:00:00,121.5,CBF.WA,-1.2195121951219523,2024-08
2024-08-26 17:00:00,122.0,CBF.WA,0.4115226337448652,2024-08
2024-08-27 17:00:00,123.0,CBF.WA,0.8196721311475308,2024-08
2024-08-28 17:00:00,122.0,CBF.WA,-0.8130081300813052,2024-08
2024-08-29 17:00:00,123.5,CBF.WA,1.2295081967213184,2024-08
2024-08-30 17:00:00,127.0,CBF.WA,2.8340080971659853,2024-08
2024-09-02 17:00:00,130.0,CBF.WA,2.3622047244094446,2024-09
2024-09-03 17:00:00,127.0,CBF.WA,-2.3076923076923106,2024-09
2024-09-04 17:00:00,132.5,CBF.WA,4.330708661417315,2024-09
2024-09-05 17:00:00,128.0,CBF.WA,-3.396226415094339,2024-09
2024-09-06 17:00:00,127.0,CBF.WA,-0.78125,2024-09
2024-09-09 17:00:00,125.0,CBF.WA,-1.5748031496062964,2024-09
2024-09-10 17:00:00,125.5,CBF.WA,0.40000000000000036,2024-09
2024-09-11 17:00:00,125.0,CBF.WA,-0.3984063745019917,2024-09
2024-09-12 17:00:00,122.0,CBF.WA,-2.400000000000002,2024-09
2024-09-13 17:00:00,120.0,CBF.WA,-1.6393442622950838,2024-09
2024-09-16 17:00:00,125.0,CBF.WA,4.166666666666674,2024-09
2024-09-17 17:00:00,120.0,CBF.WA,-4.0000000000000036,2024-09
2024-09-18 17:00:00,121.0,CBF.WA,0.8333333333333304,2024-09
2024-09-19 17:00:00,122.5,CBF.WA,1.2396694214876103,2024-09
2024-09-20 17:00:00,118.0,CBF.WA,-3.6734693877551017,2024-09
2024-09-23 17:00:00,117.0,CBF.WA,-0.8474576271186418,2024-09
2024-09-24 17:00:00,116.0,CBF.WA,-0.8547008547008517,2024-09
2024-09-25 17:00:00,122.0,CBF.WA,5.1724137931034475,2024-09
2024-09-26 17:00:00,125.0,CBF.WA,2.4590163934426146,2024-09
2024-09-27 17:00:00,128.5,CBF.WA,2.8000000000000025,2024-09
2024-09-30 17:00:00,131.0,CBF.WA,1.9455252918287869,2024-09
2024-10-01 17:00:00,132.5,CBF.WA,1.1450381679389388,2024-10
2024-10-02 17:00:00,131.5,CBF.WA,-0.7547169811320753,2024-10
2024-10-03 17:00:00,131.0,CBF.WA,-0.38022813688213253,2024-10
2024-10-04 17:00:00,124.0,CBF.WA,-5.343511450381677,2024-10
2024-10-07 17:00:00,120.0,CBF.WA,-3.2258064516129004,2024-10
2024-10-08 17:00:00,121.5,CBF.WA,1.2499999999999956,2024-10
2024-10-09 17:00:00,123.5,CBF.WA,1.6460905349794164,2024-10
2024-10-10 17:00:00,123.0,CBF.WA,-0.4048582995951455,2024-10
2024-10-11 17:00:00,127.5,CBF.WA,3.658536585365857,2024-10
2024-10-14 17:00:00,125.0,CBF.WA,-1.9607843137254943,2024-10
2024-10-15 17:00:00,126.0,CBF.WA,0.8000000000000007,2024-10
2024-10-16 17:00:00,122.0,CBF.WA,-3.1746031746031744,2024-10
2024-10-17 17:00:00,118.0,CBF.WA,-3.2786885245901676,2024-10
2024-10-18 17:00:00,122.5,CBF.WA,3.813559322033888,2024-10
2024-10-21 17:00:00,123.0,CBF.WA,0.40816326530612734,2024-10
2024-10-22 17:00:00,119.0,CBF.WA,-3.2520325203251987,2024-10
2024-10-23 17:00:00,120.0,CBF.WA,0.8403361344537785,2024-10
2024-10-24 17:00:00,116.5,CBF.WA,-2.9166666666666674,2024-10
2024-10-25 17:00:00,113.5,CBF.WA,-2.5751072961373356,2024-10
2024-10-28 17:00:00,116.5,CBF.WA,2.643171806167399,2024-10
2024-10-29 17:00:00,114.0,CBF.WA,-2.145922746781115,2024-10
2024-10-30 17:00:00,116.5,CBF.WA,2.1929824561403466,2024-10
2024-10-31 17:00:00,119.0,CBF.WA,2.145922746781115,2024-10
2024-11-04 17:00:00,118.5,CBF.WA,-0.42016806722688926,2024-11
2024-11-05 17:00:00,115.5,CBF.WA,-2.5316455696202556,2024-11
2024-11-06 17:00:00,116.5,CBF.WA,0.8658008658008587,2024-11
2024-11-07 17:00:00,116.5,CBF.WA,0.0,2024-11
2024-11-08 17:00:00,115.0,CBF.WA,-1.2875536480686733,2024-11
2024-11-12 17:00:00,120.5,CBF.WA,4.7826086956521685,2024-11
2024-11-13 17:00:00,127.0,CBF.WA,5.394190871369298,2024-11
2024-11-14 17:00:00,124.5,CBF.WA,-1.9685039370078705,2024-11
2024-11-15 17:00:00,125.5,CBF.WA,0.8032128514056325,2024-11
2024-11-18 17:00:00,123.5,CBF.WA,-1.5936254980079667,2024-11
2024-11-19 17:00:00,126.5,CBF.WA,2.429149797570851,2024-11
2024-11-20 17:00:00,125.5,CBF.WA,-0.7905138339920903,2024-11
2024-11-21 17:00:00,124.0,CBF.WA,-1.195219123505975,2024-11
2024-11-22 17:00:00,125.0,CBF.WA,0.8064516129032251,2024-11
2024-11-25 17:00:00,125.5,CBF.WA,0.40000000000000036,2024-11
2024-11-26 17:00:00,126.5,CBF.WA,0.7968127490039834,2024-11
2024-11-27 17:00:00,123.0,CBF.WA,-2.766798418972327,2024-11
2024-11-28 17:00:00,122.0,CBF.WA,-0.8130081300813052,2024-11
2024-11-29 17:00:00,139.5,CBF.WA,14.344262295081966,2024-11
2024-12-02 17:00:00,137.5,CBF.WA,-1.4336917562724039,2024-12
2024-12-03 17:00:00,133.0,CBF.WA,-3.2727272727272716,2024-12
2024-12-04 17:00:00,132.0,CBF.WA,-0.7518796992481258,2024-12
2024-12-05 17:00:00,132.5,CBF.WA,0.37878787878788955,2024-12
2024-12-06 17:00:00,133.5,CBF.WA,0.7547169811320753,2024-12
2024-12-09 17:00:00,132.5,CBF.WA,-0.7490636704119868,2024-12
2024-12-10 17:00:00,135.0,CBF.WA,1.8867924528301883,2024-12
2024-12-11 17:00:00,132.5,CBF.WA,-1.851851851851849,2024-12
2024-12-12 17:00:00,130.5,CBF.WA,-1.5094339622641506,2024-12
2024-12-13 17:00:00,135.0,CBF.WA,3.4482758620689724,2024-12
2024-12-16 17:00:00,145.0,CBF.WA,7.407407407407418,2024-12
2024-12-17 17:00:00,146.0,CBF.WA,0.6896551724137945,2024-12
2024-12-18 17:00:00,142.0,CBF.WA,-2.73972602739726,2024-12
2024-12-19 17:00:00,141.5,CBF.WA,-0.35211267605633756,2024-12
2024-12-20 17:00:00,143.0,CBF.WA,1.0600706713780994,2024-12
2024-12-23 17:00:00,146.0,CBF.WA,2.0979020979021046,2024-12
2024-12-27 17:00:00,149.0,CBF.WA,2.0547945205479534,2024-12
2024-12-30 17:00:00,150.5,CBF.WA,1.0067114093959662,2024-12
2025-01-02 17:00:00,150.0,CBF.WA,-0.33222591362126463,2025-01
2025-01-03 17:00:00,151.5,CBF.WA,1.0000000000000009,2025-01
2025-01-07 17:00:00,145.5,CBF.WA,-3.960396039603964,2025-01
2025-01-08 17:00:00,142.5,CBF.WA,-2.0618556701030966,2025-01
2025-01-09 17:00:00,142.0,CBF.WA,-0.35087719298245723,2025-01
2025-01-10 17:00:00,147.0,CBF.WA,3.5211267605633756,2025-01
2025-01-13 17:00:00,147.5,CBF.WA,0.340136054421758,2025-01
2025-01-14 17:00:00,150.0,CBF.WA,1.6949152542372836,2025-01
2025-01-15 17:00:00,154.0,CBF.WA,2.6666666666666616,2025-01
2025-01-16 17:00:00,151.5,CBF.WA,-1.6233766233766267,2025-01
2025-01-17 17:00:00,156.0,CBF.WA,2.970297029702973,2025-01
2025-01-20 17:00:00,155.0,CBF.WA,-0.6410256410256387,2025-01
2025-01-21 17:00:00,156.0,CBF.WA,0.6451612903225712,2025-01
2025-01-22 17:00:00,154.5,CBF.WA,-0.9615384615384581,2025-01
2025-01-23 17:00:00,154.0,CBF.WA,-0.3236245954692518,2025-01
2025-01-24 17:00:00,153.5,CBF.WA,-0.32467532467532756,2025-01
2025-01-27 17:00:00,153.0,CBF.WA,-0.32573289902280145,2025-01
2025-01-28 17:00:00,153.0,CBF.WA,0.0,2025-01
2025-01-29 17:00:00,154.5,CBF.WA,0.9803921568627416,2025-01
2025-01-30 17:00:00,159.0,CBF.WA,2.9126213592232997,2025-01
2025-01-31 17:00:00,161.0,CBF.WA,1.2578616352201255,2025-01
2025-02-03 17:00:00,159.0,CBF.WA,-1.2422360248447228,2025-02
2025-02-04 17:00:00,155.0,CBF.WA,-2.515723270440251,2025-02
2025-02-05 17:00:00,150.5,CBF.WA,-2.9032258064516148,2025-02
2025-02-06 17:00:00,155.0,CBF.WA,2.9900332225913706,2025-02
2025-02-07 17:00:00,160.0,CBF.WA,3.2258064516129004,2025-02
2025-02-10 17:00:00,158.0,CBF.WA,-1.2499999999999956,2025-02
2025-02-11 17:00:00,155.0,CBF.WA,-1.898734177215189,2025-02
2025-02-12 17:00:00,154.0,CBF.WA,-0.6451612903225823,2025-02
2025-02-13 17:00:00,153.5,CBF.WA,-0.32467532467532756,2025-02
2025-02-14 17:00:00,156.0,CBF.WA,1.6286644951140072,2025-02
2025-02-17 17:00:00,150.0,CBF.WA,-3.8461538461538436,2025-02
2025-02-18 17:00:00,155.5,CBF.WA,3.6666666666666625,2025-02
2025-02-19 17:00:00,155.0,CBF.WA,-0.3215434083601254,2025-02
2025-02-20 17:00:00,152.5,CBF.WA,-1.6129032258064502,2025-02
2025-02-21 17:00:00,158.5,CBF.WA,3.934426229508192,2025-02
2025-02-24 17:00:00,155.5,CBF.WA,-1.8927444794952675,2025-02
2025-02-25 17:00:00,158.0,CBF.WA,1.6077170418006492,2025-02
2025-02-26 17:00:00,157.5,CBF.WA,-0.31645569620253333,2025-02
2025-02-27 17:00:00,158.0,CBF.WA,0.31746031746031633,2025-02
2025-02-28 17:00:00,156.5,CBF.WA,-0.9493670886076,2025-02
2025-03-03 17:00:00,155.0,CBF.WA,-0.9584664536741228,2025-03
2025-03-04 17:00:00,150.5,CBF.WA,-2.9032258064516148,2025-03
2025-03-05 17:00:00,149.5,CBF.WA,-0.6644518272425293,2025-03
2025-03-06 17:00:00,148.5,CBF.WA,-0.6688963210702337,2025-03
2025-03-07 17:00:00,149.5,CBF.WA,0.6734006734006703,2025-03
2025-03-10 17:00:00,148.5,CBF.WA,-0.6688963210702337,2025-03
2025-03-11 17:00:00,144.5,CBF.WA,-2.6936026936026924,2025-03
2025-03-12 17:00:00,146.0,CBF.WA,1.038062283737018,2025-03
2025-03-13 17:00:00,145.0,CBF.WA,-0.6849315068493178,2025-03
2025-03-14 17:00:00,145.0,CBF.WA,0.0,2025-03
2025-03-17 17:00:00,153.0,CBF.WA,5.517241379310356,2025-03
2025-03-18 17:00:00,156.5,CBF.WA,2.287581699346397,2025-03
2025-03-19 17:00:00,156.0,CBF.WA,-0.31948881789137795,2025-03
2025-03-20 17:00:00,155.0,CBF.WA,-0.6410256410256387,2025-03
2025-03-21 17:00:00,156.0,CBF.WA,0.6451612903225712,2025-03
2025-03-24 17:00:00,159.0,CBF.WA,1.9230769230769162,2025-03
2025-03-25 17:00:00,153.5,CBF.WA,-3.459119496855345,2025-03
2025-03-26 17:00:00,153.0,CBF.WA,-0.32573289902280145,2025-03
2025-03-27 17:00:00,149.5,CBF.WA,-2.287581699346408,2025-03
2025-03-28 17:00:00,145.0,CBF.WA,-3.0100334448160515,2025-03
2025-03-31 17:00:00,151.5,CBF.WA,4.482758620689653,2025-03
2025-04-01 17:00:00,150.60000610351562,CBF.WA,-0.5940553772174062,2025-04
2025-04-02 17:00:00,148.0,CBF.WA,-1.7264316056723739,2025-04
2025-04-03 17:00:00,146.1999969482422,CBF.WA,-1.2162182782147424,2025-04
2025-04-04 17:00:00,140.1999969482422,CBF.WA,-4.103967253928276,2025-04
2025-04-07 17:00:00,138.0,CBF.WA,-1.5691847333308862,2025-04
2025-04-08 17:00:00,138.8000030517578,CBF.WA,0.5797123563462403,2025-04
2025-04-09 17:00:00,136.39999389648438,CBF.WA,-1.7291131862428588,2025-04
2025-04-10 17:00:00,139.8000030517578,CBF.WA,2.492675445318371,2025-04
2025-04-11 17:00:00,138.1999969482422,CBF.WA,-1.1444964725238704,2025-04
2025-04-14 17:00:00,142.0,CBF.WA,2.749640474435733,2025-04
2025-04-15 17:00:00,141.0,CBF.WA,-0.7042253521126751,2025-04
2025-04-16 17:00:00,140.60000610351562,CBF.WA,-0.2836836145279298,2025-04
2025-04-17 17:00:00,142.0,CBF.WA,0.995728190405365,2025-04
2025-04-22 17:00:00,144.8000030517578,CBF.WA,1.9718331350407237,2025-04
2025-04-23 17:00:00,145.1999969482422,CBF.WA,0.27623887296563954,2025-04
2025-04-24 17:00:00,148.8000030517578,CBF.WA,2.4793430986082443,2025-04
2025-04-25 17:00:00,159.1999969482422,CBF.WA,6.989243066659689,2025-04
2025-04-28 17:00:00,154.8000030517578,CBF.WA,-2.763815314591289,2025-04
2025-04-29 17:00:00,159.60000610351562,CBF.WA,3.100777104088892,2025-04
2025-04-30 17:00:00,155.0,CBF.WA,-2.8822092278192546,2025-04
2025-05-02 17:00:00,157.1999969482422,CBF.WA,1.4193528698336788,2025-05
2025-05-05 17:00:00,157.0,CBF.WA,-0.1272245242524006,2025-05
2025-05-06 17:00:00,157.0,CBF.WA,0.0,2025-05
2025-05-07 17:00:00,157.39999389648438,CBF.WA,0.25477318247413283,2025-05
2025-05-08 17:00:00,164.0,CBF.WA,4.193142540943295,2025-05
2025-05-09 17:00:00,162.39999389648438,CBF.WA,-0.9756134777534342,2025-05
2025-05-12 17:00:00,163.39999389648438,CBF.WA,0.6157635699404196,2025-05
2025-05-13 17:00:00,167.39999389648438,CBF.WA,2.4479805075966254,2025-05
2025-05-14 17:00:00,165.60000610351562,CBF.WA,-1.0752615642756869,2025-05
2025-05-15 17:00:00,162.0,CBF.WA,-2.173916649052099,2025-05
2025-05-16 17:00:00,165.0,CBF.WA,1.85185185185186,2025-05
2025-05-19 17:00:00,162.8000030517578,CBF.WA,-1.33333148378314,2025-05
2025-05-20 17:00:00,159.0,CBF.WA,-2.334154164941693,2025-05
2025-05-21 17:00:00,166.1999969482422,CBF.WA,4.528299967447924,2025-05
2025-05-22 17:00:00,165.0,CBF.WA,-0.722019837711485,2025-05
2025-05-23 17:00:00,167.0,CBF.WA,1.21212121212122,2025-05
2025-05-26 17:00:00,170.0,CBF.WA,1.7964071856287456,2025-05
2025-05-27 17:00:00,171.0,CBF.WA,0.588235294117645,2025-05
2025-05-28 17:00:00,172.8000030517578,CBF.WA,1.0526333636010632,2025-05
2025-05-29 17:00:00,169.60000610351562,CBF.WA,-1.8518500530834592,2025-05
2025-05-30 17:00:00,172.0,CBF.WA,1.4150906899257576,2025-05
2025-06-02 17:00:00,167.0,CBF.WA,-2.9069767441860517,2025-06
2025-06-03 17:00:00,164.1999969482422,CBF.WA,-1.6766485339867132,2025-06
2025-06-04 17:00:00,169.8000030517578,CBF.WA,3.4104788109593054,2025-06
2025-06-05 17:00:00,166.0,CBF.WA,-2.237928729953853,2025-06
2025-06-06 17:00:00,165.0,CBF.WA,-0.6024096385542133,2025-06
2025-06-09 17:00:00,169.0,CBF.WA,2.4242424242424176,2025-06
2025-06-10 17:00:00,169.8000030517578,CBF.WA,0.4733745868389372,2025-06
2025-06-11 17:00:00,169.0,CBF.WA,-0.4711443094108536,2025-06
2025-06-12 17:00:00,164.0,CBF.WA,-2.9585798816568087,2025-06
2025-06-13 17:00:00,162.60000610351562,CBF.WA,-0.8536548149294942,2025-06
2025-06-16 17:00:00,161.0,CBF.WA,-0.9840135568611297,2025-06
2025-06-17 17:00:00,160.60000610351562,CBF.WA,-0.248443413965449,2025-06
2025-06-18 17:00:00,165.0,CBF.WA,2.739722122830024,2025-06
2025-06-20 17:00:00,160.60000610351562,CBF.WA,-2.666662967566291,2025-06
2025-06-23 17:00:00,163.1999969482422,CBF.WA,1.6189232539945975,2025-06
2025-06-24 17:00:00,161.1999969482422,CBF.WA,-1.225490218994485,2025-06
2025-06-25 17:00:00,167.0,CBF.WA,3.598016849603325,2025-06
2025-06-26 17:00:00,166.39999389648438,CBF.WA,-0.3592850919255208,2025-06
2025-06-27 17:00:00,169.0,CBF.WA,1.5625037252904317,2025-06
2025-06-30 17:00:00,169.60000610351562,CBF.WA,0.3550331973465326,2025-06
2025-07-01 17:00:00,166.39999389648438,CBF.WA,-1.8867995824705996,2025-07
2025-07-02 17:00:00,162.8000030517578,CBF.WA,-2.163456115849427,2025-07
2025-07-03 17:00:00,166.39999389648438,CBF.WA,2.2112965462181444,2025-07
2025-07-04 17:00:00,166.0,CBF.WA,-0.2403809562235959,2025-07
2025-07-07 17:00:00,165.39999389648438,CBF.WA,-0.3614494599491702,2025-07
2025-07-08 17:00:00,164.8000030517578,CBF.WA,-0.3627514309958557,2025-07
2025-07-09 17:00:00,163.8000030517578,CBF.WA,-0.6067961052682369,2025-07
2025-07-10 17:00:00,164.0,CBF.WA,0.1220982567253115,2025-07
2025-07-11 17:00:00,160.39999389648438,CBF.WA,-2.1951256728753865,2025-07
2025-07-14 17:00:00,158.0,CBF.WA,-1.496255603371921,2025-07
2025-07-15 17:00:00,158.1999969482422,CBF.WA,0.1265803469887361,2025-07
2025-07-16 17:00:00,162.39999389648438,CBF.WA,2.6548653788004195,2025-07
2025-07-17 17:00:00,161.0,CBF.WA,-0.8620652395940009,2025-07
2025-07-18 17:00:00,164.0,CBF.WA,1.8633540372670732,2025-07
2025-07-21 17:00:00,159.1999969482422,CBF.WA,-2.9268311291206217,2025-07
2025-07-22 17:00:00,159.0,CBF.WA,-0.12562622617838803,2025-07
2025-07-23 17:00:00,162.39999389648438,CBF.WA,2.1383609411851356,2025-07
2025-07-24 17:00:00,161.39999389648438,CBF.WA,-0.6157635699404085,2025-07
2025-07-25 17:00:00,158.39999389648438,CBF.WA,-1.858736129769667,2025-07
2025-07-28 17:00:00,163.1999969482422,CBF.WA,3.0303050736824266,2025-07
2025-07-29 17:00:00,165.0,CBF.WA,1.1029430670447038,2025-07
2025-07-30 17:00:00,180.0,CBF.WA,9.090909090909083,2025-07
2025-07-31 17:00:00,180.0,CBF.WA,0.0,2025-07
2025-08-01 17:00:00,176.8000030517578,CBF.WA,-1.7777760823567745,2025-08
2025-08-04 17:00:00,173.0,CBF.WA,-2.149322955976063,2025-08
2025-08-05 17:00:00,174.8000030517578,CBF.WA,1.0404641917675317,2025-08
2025-08-06 17:00:00,175.0,CBF.WA,0.11441472811815068,2025-08
2025-08-07 17:00:00,176.0,CBF.WA,0.5714285714285783,2025-08
2025-08-08 17:00:00,178.39999389648438,CBF.WA,1.3636328957297605,2025-08
2025-08-11 17:00:00,176.8000030517578,CBF.WA,-0.8968558853510666,2025-08
2025-08-12 17:00:00,171.60000610351562,CBF.WA,-2.9411746937130445,2025-08
2025-08-13 17:00:00,170.0,CBF.WA,-0.9324044560642064,2025-08
2025-08-14 17:00:00,169.0,CBF.WA,-0.588235294117645,2025-08
2025-08-18 17:00:00,170.60000610351562,CBF.WA,0.9467491736778744,2025-08
2025-08-19 17:00:00,171.39999389648438,CBF.WA,0.4689260048931887,2025-08
2025-08-20 17:00:00,173.60000610351562,CBF.WA,1.2835544255386244,2025-08
2025-08-21 17:00:00,177.0,CBF.WA,1.9585217609134231,2025-08
2025-08-22 17:00:00,171.39999389648438,CBF.WA,-3.1638452562235186,2025-08
2025-08-25 17:00:00,175.0,CBF.WA,2.100353694113788,2025-08
2025-08-26 17:00:00,176.0,CBF.WA,0.5714285714285783,2025-08
2025-08-27 17:00:00,177.0,CBF.WA,0.5681818181818121,2025-08
2025-08-28 17:00:00,176.0,CBF.WA,-0.5649717514124242,2025-08
2025-08-29 17:00:00,173.0,CBF.WA,-1.7045454545454586,2025-08
2025-09-01 17:00:00,173.8000030517578,CBF.WA,0.46242950968660157,2025-09
2025-09-02 17:00:00,172.0,CBF.WA,-1.0356749252885655,2025-09
2025-09-03 17:00:00,173.60000610351562,CBF.WA,0.930236106695137,2025-09
2025-09-04 17:00:00,175.1999969482422,CBF.WA,0.9216536799961261,2025-09
2025-09-05 17:00:00,182.1999969482422,CBF.WA,3.9954338595496353,2025-09
2025-09-08 17:00:00,183.0,CBF.WA,0.43907961863747236,2025-09
2025-09-09 17:00:00,183.1999969482422,CBF.WA,0.10928794985911594,2025-09
2025-09-10 17:00:00,179.0,CBF.WA,-2.2925747915971684,2025-09
2025-09-11 17:00:00,185.0,CBF.WA,3.3519553072625774,2025-09
2025-09-12 17:00:00,187.3999938964844,CBF.WA,1.29729399809968,2025-09
2025-09-15 17:00:00,187.6000061035156,CBF.WA,0.10673010327932886,2025-09
2025-09-16 17:00:00,185.0,CBF.WA,-1.3859307137127352,2025-09
2025-09-17 17:00:00,186.3999938964844,CBF.WA,0.756753457559145,2025-09
2025-09-18 17:00:00,192.3999938964844,CBF.WA,3.2188842255714167,2025-09
2025-09-19 17:00:00,193.6000061035156,CBF.WA,0.6237069880973278,2025-09
2025-09-22 17:00:00,191.6000061035156,CBF.WA,-1.033057818671046,2025-09
2025-09-23 17:00:00,194.0,CBF.WA,1.2526063778869334,2025-09
2025-09-24 17:00:00,189.6000061035156,CBF.WA,-2.268038090971347,2025-09
2025-09-25 17:00:00,190.3999938964844,CBF.WA,0.42193447637972614,2025-09
2025-09-26 17:00:00,186.0,CBF.WA,-2.3109212381994926,2025-09
2025-09-29 17:00:00,184.8000030517578,CBF.WA,-0.6451596495925749,2025-09
2025-09-30 17:00:00,190.1999969482422,CBF.WA,2.9220745710550444,2025-09
2025-10-01 17:00:00,191.0,CBF.WA,0.4206114955803697,2025-10
2025-10-02 17:00:00,190.8000030517578,CBF.WA,-0.10471044410585995,2025-10
2025-10-03 17:00:00,186.1999969482422,CBF.WA,-2.4109046278514956,2025-10
2025-10-06 17:00:00,185.1999969482422,CBF.WA,-0.5370569368365663,2025-10
2025-10-07 17:00:00,182.3999938964844,CBF.WA,-1.5118807224064335,2025-10
2025-10-08 17:00:00,185.0,CBF.WA,1.425441990415388,2025-10
2025-10-09 17:00:00,188.6000061035156,CBF.WA,1.9459492451435745,2025-10
2025-10-10 17:00:00,181.0,CBF.WA,-4.029695576650316,2025-10
2025-10-13 17:00:00,179.60000610351562,CBF.WA,-0.7734772908753462,2025-10
2025-10-14 17:00:00,177.0,CBF.WA,-1.4476648191298347,2025-10
2025-10-15 17:00:00,183.8000030517578,CBF.WA,3.8418096337614838,2025-10
2025-10-16 17:00:00,184.0,CBF.WA,0.10881226600734095,2025-10
2025-10-17 17:00:00,188.1999969482422,CBF.WA,2.2826070370881357,2025-10
2025-10-20 17:00:00,189.0,CBF.WA,0.4250813308875001,2025-10
2025-10-21 17:00:00,192.1999969482422,CBF.WA,1.6931200784350287,2025-10
2025-10-22 17:00:00,193.0,CBF.WA,0.4162346849429177,2025-10
2025-10-23 17:00:00,195.0,CBF.WA,1.0362694300518172,2025-10
2025-10-24 17:00:00,190.0,CBF.WA,-2.564102564102566,2025-10
2025-10-27 17:00:00,190.0,CBF.WA,0.0,2025-10
2025-10-28 17:00:00,192.0,CBF.WA,1.0526315789473717,2025-10
2025-10-29 17:00:00,191.8000030517578,CBF.WA,-0.10416507720947266,2025-10
2025-10-30 17:00:00,187.1999969482422,CBF.WA,-2.398334739480845,2025-10
2025-10-31 17:00:00,185.0,CBF.WA,-1.1752120641596253,2025-10
2025-11-03 17:00:00,185.0,CBF.WA,0.0,2025-11
2025-11-04 17:00:00,187.0,CBF.WA,1.08108108108107,2025-11
2025-11-05 17:00:00,190.3999938964844,CBF.WA,1.8181785542697337,2025-11
2025-11-06 17:00:00,180.0,CBF.WA,-5.462181843418867,2025-11
2025-11-07 17:00:00,181.1999969482422,CBF.WA,0.6666649712456563,2025-11
2025-11-10 17:00:00,180.6000061035156,CBF.WA,-0.33112078081214413,2025-11
2025-11-12 17:00:00,182.1999969482422,CBF.WA,0.8859306703508762,2025-11
2025-11-13 17:00:00,177.39999389648438,CBF.WA,-2.6344693370776273,2025-11
2025-11-14 17:00:00,177.1999969482422,CBF.WA,-0.11273785519907431,2025-11
2025-11-17 17:00:00,178.1999969482422,CBF.WA,0.5643340954978093,2025-11
2025-11-18 17:00:00,171.8000030517578,CBF.WA,-3.591466894549522,2025-11
2025-11-19 17:00:00,175.8000030517578,CBF.WA,2.3282886664413693,2025-11
2025-11-20 17:00:00,178.60000610351562,CBF.WA,1.5927207071398275,2025-11
2025-11-21 17:00:00,178.0,CBF.WA,-0.3359496545413676,2025-11
2025-11-24 17:00:00,175.39999389648438,CBF.WA,-1.4606775862447297,2025-11
2025-11-25 17:00:00,177.39999389648438,CBF.WA,1.140250894866246,2025-11
2025-11-26 17:00:00,175.8000030517578,CBF.WA,-0.9019114429396069,2025-11
2025-11-27 17:00:00,181.0,CBF.WA,2.9579049248999345,2025-11
2025-11-28 17:00:00,184.3999938964844,CBF.WA,1.8784496665659622,2025-11
2025-12-01 17:00:00,184.0,CBF.WA,-0.21691643694355944,2025-12
2025-12-02 17:00:00,178.8000030517578,CBF.WA,-2.8260852979577145,2025-12
2025-12-03 17:00:00,178.39999389648438,CBF.WA,-0.2237187631130233,2025-12
2025-12-04 17:00:00,179.8000030517578,CBF.WA,0.7847585219570075,2025-12
2025-12-05 17:00:00,179.60000610351562,CBF.WA,-0.11123300603316233,2025-12
2025-12-08 17:00:00,177.0,CBF.WA,-1.4476648191298347,2025-12
2025-12-09 17:00:00,178.0,CBF.WA,0.5649717514124353,2025-12
2025-12-10 17:00:00,177.0,CBF.WA,-0.5617977528089901,2025-12
2025-12-11 17:00:00,202.5,CBF.WA,14.406779661016955,2025-12
2025-12-12 17:00:00,197.1999969482422,CBF.WA,-2.6172854576581805,2025-12
2025-12-15 17:00:00,205.0,CBF.WA,3.9553768623054486,2025-12
2025-12-16 17:00:00,199.8000030517578,CBF.WA,-2.536583877191312,2025-12
2025-12-17 17:00:00,197.1999969482422,CBF.WA,-1.3013043362377186,2025-12
2025-12-18 17:00:00,194.8000030517578,CBF.WA,-1.2170354632988545,2025-12
2025-12-19 17:00:00,200.0,CBF.WA,2.669402909023866,2025-12
2025-12-22 17:00:00,200.0,CBF.WA,0.0,2025-12
2025-12-23 17:00:00,201.5,CBF.WA,0.7500000000000062,2025-12
2025-12-29 17:00:00,206.0,CBF.WA,2.2332506203474045,2025-12
2025-12-30 17:00:00,206.0,CBF.WA,0.0,2025-12
2026-01-02 17:00:00,212.0,CBF.WA,2.9126213592232997,2026-01
2026-01-05 17:00:00,212.0,CBF.WA,0.0,2026-01
2026-01-07 17:00:00,213.5,CBF.WA,0.7075471698113178,2026-01
2026-01-08 17:00:00,212.5,CBF.WA,-0.4683840749414525,2026-01
2026-01-09 17:00:00,215.5,CBF.WA,1.4117647058823568,2026-01
2026-01-12 17:00:00,211.5,CBF.WA,-1.8561484918793503,2026-01
2026-01-13 17:00:00,212.5,CBF.WA,0.47281323877068626,2026-01
2026-01-14 17:00:00,212.5,CBF.WA,0.0,2026-01
2026-01-15 17:00:00,207.0,CBF.WA,-2.5882352941176467,2026-01
2026-01-16 17:00:00,211.0,CBF.WA,1.9323671497584627,2026-01
2026-01-19 17:00:00,208.0,CBF.WA,-1.4218009478673022,2026-01
2026-01-20 17:00:00,211.5,CBF.WA,1.6826923076923128,2026-01
2026-01-21 17:00:00,208.5,CBF.WA,-1.4184397163120588,2026-01
2026-01-22 17:00:00,208.0,CBF.WA,-0.23980815347721673,2026-01
2026-01-23 17:00:00,208.5,CBF.WA,0.24038461538462563,2026-01
2026-01-26 17:00:00,208.0,CBF.WA,-0.23980815347721673,2026-01
2026-01-27 17:00:00,211.0,CBF.WA,1.4423076923076872,2026-01
2026-01-28 17:00:00,212.0,CBF.WA,0.4739336492890933,2026-01
2026-01-29 17:00:00,206.0,CBF.WA,-2.8301886792452824,2026-01
2026-01-30 17:00:00,206.0,CBF.WA,0.0,2026-01
2026-02-02 17:00:00,208.0,CBF.WA,0.9708737864077666,2026-02
2026-02-03 17:00:00,208.0,CBF.WA,0.0,2026-02
2026-02-04 17:00:00,201.5,CBF.WA,-3.125,2026-02
2026-02-05 17:00:00,197.3999938964844,CBF.WA,-2.0347424831342886,2026-02
2026-02-06 17:00:00,195.3999938964844,CBF.WA,-1.0131712572639673,2026-02
2026-02-09 17:00:00,198.6000061035156,CBF.WA,1.6376726238417572,2026-02
2026-02-10 17:00:00,197.8000030517578,CBF.WA,-0.40282126242272565,2026-02
2026-02-11 17:00:00,199.8000030517578,CBF.WA,1.0111223302037287,2026-02
2026-02-12 17:00:00,197.8000030517578,CBF.WA,-1.001000985711653,2026-02
2026-02-13 17:00:00,191.1999969482422,CBF.WA,-3.336706775372811,2026-02
2026-02-16 17:00:00,193.0,CBF.WA,0.9414242052760535,2026-02
2026-02-17 17:00:00,191.0,CBF.WA,-1.0362694300518172,2026-02
2026-02-18 17:00:00,191.1999969482422,CBF.WA,0.10471044410584884,2026-02
2026-02-19 17:00:00,196.0,CBF.WA,2.5104618872233475,2026-02
2026-02-20 17:00:00,186.0,CBF.WA,-5.102040816326525,2026-02
2026-02-23 17:00:00,178.8000030517578,CBF.WA,-3.8709661012054752,2026-02
2026-02-24 17:00:00,175.60000610351562,CBF.WA,-1.7897074349131126,2026-02
2026-02-25 17:00:00,181.0,CBF.WA,3.0751672601315727,2026-02
2026-02-26 17:00:00,179.0,CBF.WA,-1.104972375690605,2026-02
2026-02-27 17:00:00,179.8000030517578,CBF.WA,0.4469290791943026,2026-02
2026-03-02 17:00:00,177.60000610351562,CBF.WA,-1.223580039433536,2026-03
2026-03-03 17:00:00,174.0,CBF.WA,-2.0270303940290058,2026-03
2026-03-04 17:00:00,186.6000061035156,CBF.WA,7.2413828181124185,2026-03
2026-03-05 17:00:00,185.8000030517578,CBF.WA,-0.428726165911264,2026-03
2026-03-06 17:00:00,182.0,CBF.WA,-2.0452115120252468,2026-03
2026-03-09 17:00:00,180.0,CBF.WA,-1.098901098901095,2026-03
2026-03-10 17:00:00,181.8000030517578,CBF.WA,1.0000016954210045,2026-03
2026-03-11 17:00:00,179.0,CBF.WA,-1.540155668182619,2026-03
2026-03-12 17:00:00,179.0,CBF.WA,0.0,2026-03
2026-03-13 17:00:00,179.0,CBF.WA,0.0,2026-03
2026-03-16 17:00:00,179.0,CBF.WA,0.0,2026-03
2026-03-17 17:00:00,179.8000030517578,CBF.WA,0.4469290791943026,2026-03
2026-03-18 17:00:00,176.8000030517578,CBF.WA,-1.6685205501005496,2026-03
2026-03-19 17:00:00,174.60000610351562,CBF.WA,-1.244342143816679,2026-03
2026-03-20 17:00:00,170.39999389648438,CBF.WA,-2.405505189124202,2026-03
2026-03-23 17:00:00,173.0,CBF.WA,1.5258252327726485,2026-03
2026-03-24 17:00:00,177.0,CBF.WA,2.3121387283236983,2026-03
2026-03-25 17:00:00,176.0,CBF.WA,-0.5649717514124242,2026-03
2026-03-26 17:00:00,175.60000610351562,CBF.WA,-0.2272692593661252,2026-03
2026-03-27 17:00:00,168.39999389648438,CBF.WA,-4.100234599528929,2026-03
2026-03-30 17:00:00,164.0,CBF.WA,-2.612823073609527,2026-03
2026-03-31 17:00:00,172.1999969482422,CBF.WA,4.999998139172068,2026-03
2026-04-01 17:00:00,173.1999969482422,CBF.WA,0.5807201032068443,2026-04
2026-04-02 17:00:00,173.0,CBF.WA,-0.11547168115826345,2026-04
2026-04-07 17:00:00,172.10000610351562,CBF.WA,-0.5202276858291222,2026-04
2026-04-08 17:00:00,176.8000030517578,CBF.WA,2.7309684959657687,2026-04
2026-04-09 17:00:00,177.0,CBF.WA,0.11312044388576137,2026-04
2026-04-10 17:00:00,177.0,CBF.WA,0.0,2026-04
2026-04-13 17:00:00,178.8000030517578,CBF.WA,1.0169508766993296,2026-04
2026-04-14 17:00:00,178.8000030517578,CBF.WA,0.0,2026-04
2026-04-15 17:00:00,184.0,CBF.WA,2.9082756484835937,2026-04
2026-04-16 17:00:00,185.0,CBF.WA,0.5434782608695565,2026-04
2026-04-17 17:00:00,192.0,CBF.WA,3.7837837837837895,2026-04
2026-04-20 17:00:00,195.5,CBF.WA,1.822916666666674,2026-04
2026-04-21 17:00:00,189.0,CBF.WA,-3.324808184143224,2026-04
2026-04-22 17:00:00,190.0,CBF.WA,0.5291005291005346,2026-04
2026-04-23 17:00:00,185.8999938964844,CBF.WA,-2.1578979492187345,2026-04
2026-04-24 17:00:00,187.3000030517578,CBF.WA,0.7530980103490403,2026-04
2026-04-27 17:00:00,184.8999938964844,CBF.WA,-1.2813716583924495,2026-04
2026-04-28 17:00:00,182.0,CBF.WA,-1.5684121104449278,2026-04
2026-04-29 17:00:00,182.5,CBF.WA,0.27472527472527375,2026-04
2026-04-30 17:00:00,181.0,CBF.WA,-0.8219178082191747,2026-04
2026-05-04 17:00:00,183.5,CBF.WA,1.3812154696132506,2026-05
2026-05-05 17:00:00,181.0,CBF.WA,-1.3623978201634857,2026-05
2026-05-06 17:00:00,180.0,CBF.WA,-0.5524861878453025,2026-05
2026-05-07 17:00:00,181.0,CBF.WA,0.5555555555555536,2026-05
2026-05-08 17:00:00,178.5,CBF.WA,-1.3812154696132617,2026-05
2026-05-11 17:00:00,177.0,CBF.WA,-0.8403361344537785,2026-05
2026-05-12 17:00:00,176.89999389648438,CBF.WA,-0.05650062345515794,2026-05
2026-05-13 17:00:00,176.39999389648438,CBF.WA,-0.28264557221668873,2026-05
2026-05-14 17:00:00,176.39999389648438,CBF.WA,0.0,2026-05
2026-05-15 17:00:00,176.10000610351562,CBF.WA,-0.17006111300933435,2026-05
2026-05-18 17:00:00,182.8999938964844,CBF.WA,3.8614352965846033,2026-05
2026-05-19 17:00:00,177.6999969482422,CBF.WA,-2.8430820786058852,2026-05
2026-05-20 17:00:00,179.5,CBF.WA,1.0129448973947408,2026-05
2026-05-21 17:00:00,198.6999969482422,CBF.WA,10.696377129939938,2026-05
2026-05-22 17:00:00,204.0,CBF.WA,2.6673392718462807,2026-05
2026-05-25 17:00:00,209.8000030517578,CBF.WA,2.8431387508616623,2026-05
2026-05-26 17:00:00,204.3999938964844,CBF.WA,-2.573884211975541,2026-05
2026-05-27 17:00:00,199.1000061035156,CBF.WA,-2.5929490955136303,2026-05
2026-05-28 17:00:00,198.0,CBF.WA,-0.5524892364612399,2026-05
2026-05-29 17:00:00,199.1999969482422,CBF.WA,0.6060590647687825,2026-05
2026-06-01 17:00:00,201.0,CBF.WA,0.9036160036817176,2026-06
2026-06-02 17:00:00,201.8000030517578,CBF.WA,0.39801146853621905,2026-06
2026-06-03 17:00:00,200.0,CBF.WA,-0.8919737485316825,2026-06
2026-06-05 17:00:00,195.6000061035156,CBF.WA,-2.1999969482422,2026-06
2026-06-08 17:00:00,193.5,CBF.WA,-1.0736227188071878,2026-06
2026-06-09 17:00:00,190.0,CBF.WA,-1.8087855297157618,2026-06
2026-06-10 17:00:00,188.0,CBF.WA,-1.0526315789473717,2026-06
2026-06-11 17:00:00,188.1000061035156,CBF.WA,0.05319473591254287,2026-06
2026-06-12 17:00:00,185.1999969482422,CBF.WA,-1.541737937891119,2026-06
2026-06-15 17:00:00,182.3000030517578,CBF.WA,-1.5658714601895163,2026-06
2026-06-16 17:00:00,189.6000061035156,CBF.WA,4.0043899778132275,2026-06
2026-06-17 17:00:00,191.5,CBF.WA,1.002106453228202,2026-06
2026-06-18 17:00:00,196.3000030517578,CBF.WA,2.506529008750813,2026-06
2026-06-19 17:00:00,189.1999969482422,CBF.WA,-3.6169159414855323,2026-06
2026-06-22 17:00:00,193.6000061035156,CBF.WA,2.325586271799507,2026-06
2026-06-23 17:00:00,187.3000030517578,CBF.WA,-3.2541337051349317,2026-06
2026-06-24 17:00:00,191.0,CBF.WA,1.9754388083057073,2026-06
2026-06-25 17:00:00,189.6999969482422,CBF.WA,-0.6806298700302693,2026-06
2026-06-26 17:00:00,189.8000030517578,CBF.WA,0.05271803116735363,2026-06
2026-06-29 17:00:00,192.0,CBF.WA,1.1591132312270158,2026-06
2026-06-30 17:00:00,185.0,CBF.WA,-3.645833333333337,2026-06
2026-07-01 17:00:00,187.1999969482422,CBF.WA,1.189187539590364,2026-07
2026-07-02 17:00:00,192.6999969482422,CBF.WA,2.938034235930398,2026-07
2026-07-03 17:00:00,193.8999938964844,CBF.WA,0.6227280577303373,2026-07
2026-07-06 17:00:00,195.1000061035156,CBF.WA,0.6188820241386006,2026-07
2026-07-07 17:00:00,194.1999969482422,CBF.WA,-0.4613065746373657,2026-07
2026-07-08 17:00:00,188.8000030517578,CBF.WA,-2.7806354177871473,2026-07
2026-07-09 17:00:00,188.6999969482422,CBF.WA,-0.052969333633012816,2026-07
2026-07-10 17:00:00,192.8000030517578,CBF.WA,2.1727642659369995,2026-07
2026-07-13 17:00:00,193.6999969482422,CBF.WA,0.46680180614040445,2026-07
2026-07-14 17:00:00,192.0,CBF.WA,-0.8776442824087627,2026-07
2026-07-15 17:00:00,192.0,CBF.WA,0.0,2026-07
2026-07-16 17:00:00,191.6000061035156,CBF.WA,-0.20833015441895641,2026-07
2026-07-17 17:00:00,186.5,CBF.WA,-2.661798507856117,2026-07
2026-07-20 17:00:00,188.3000030517578,CBF.WA,0.9651490894143855,2026-07
2026-07-21 17:00:00,190.8000030517578,CBF.WA,1.3276685923965914,2026-07
2026-07-22 17:00:00,188.5,CBF.WA,-1.2054523139257478,2026-07
2026-07-23 17:00:00,193.1999969482422,CBF.WA,2.4933670812955944,2026-07
2026-07-24 17:00:00,192.5,CBF.WA,-0.36231726671802633,2026-07
2026-07-27 17:00:00,191.0,CBF.WA,-0.7792207792207795,2026-07
2026-07-28 17:00:00,189.8000030517578,CBF.WA,-0.6282706535299387,2026-07
2026-07-29 17:00:00,189.8999938964844,CBF.WA,0.05268221449887811,2026-07
2026-07-30 17:00:00,192.1000061035156,CBF.WA,1.1585109414118389,2026-07
2026-07-31 17:00:00,192.1999969482422,CBF.WA,0.05205145317523918,2026-07
2026-08-03 17:00:00,194.0,CBF.WA,0.9365260563674926,2026-08
2026-08-04 17:00:00,200.0,CBF.WA,3.092783505154628,2026-08
2026-08-05 17:00:00,199.1999969482422,CBF.WA,-0.40000152587890137,2026-08
2026-08-06 17:00:00,198.6000061035156,CBF.WA,-0.30120022787072376,2026-08
2026-08-07 17:00:00,198.8000030517578,CBF.WA,0.10070339481156321,2026-08
2026-08-10 17:00:00,198.0,CBF.WA,-0.4024160158335288,2026-08
2026-08-11 17:00:00,197.3000030517578,CBF.WA,-0.35353381224353386,2026-08
2026-08-12 17:00:00,193.8999938964844,CBF.WA,-1.7232686785014772,2026-08
2026-08-13 17:00:00,195.8000030517578,CBF.WA,0.9798912919449343,2026-08
2026-08-14 17:00:00,195.0,CBF.WA,-0.40858173610259785,2026-08
2026-08-17 17:00:00,191.3000030517578,CBF.WA,-1.897434332431891,2026-08
2026-08-18 17:00:00,191.8000030517578,CBF.WA,0.2613695724117182,2026-08
2026-08-19 17:00:00,190.3999938964844,CBF.WA,-0.7299317690290241,2026-08
2026-08-20 17:00:00,191.6999969482422,CBF.WA,0.6827747339448687,2026-08
2026-08-21 17:00:00,193.0,CBF.WA,0.6781445344043568,2026-08
2026-08-24 17:00:00,190.6999969482422,CBF.WA,-1.19171142578125,2026-08
2026-08-25 17:00:00,191.3000030517578,CBF.WA,0.3146335150065349,2026-08
2026-08-26 17:00:00,190.6999969482422,CBF.WA,-0.3136466774406155,2026-08
2026-08-27 17:00:00,190.6000061035156,CBF.WA,-0.05243358485932381,2026-08
2026-08-28 17:00:00,198.3999938964844,CBF.WA,4.092333443437868,2026-08
2026-08-31 17:00:00,194.0,CBF.WA,-2.217738927340951,2026-08
2026-09-01 17:00:00,191.3999938964844,CBF.WA,-1.3402093317090746,2026-09
2026-09-02 17:00:00,190.8000030517578,CBF.WA,-0.3134748505013496,2026-09
2026-09-03 17:00:00,186.1000061035156,CBF.WA,-2.4633107301194612,2026-09
2023-08-14 17:00:00,70.80000305175781,SNT.WA,,2023-08
2023-08-16 17:00:00,69.0,SNT.WA,-2.542377082161895,2023-08
2023-08-17 17:00:00,68.80000305175781,SNT.WA,-0.2898506496263553,2023-08
2023-08-18 17:00:00,67.19999694824219,SNT.WA,-2.3255901635817477,2023-08
2023-08-21 17:00:00,67.0,SNT.WA,-0.29761451982837084,2023-08
2023-08-22 17:00:00,67.0,SNT.WA,0.0,2023-08
2023-08-23 17:00:00,67.0,SNT.WA,0.0,2023-08
2023-08-24 17:00:00,67.0,SNT.WA,0.0,2023-08
2023-08-25 17:00:00,66.5999984741211,SNT.WA,-0.5970172028043397,2023-08
2023-08-28 17:00:00,68.5999984741211,SNT.WA,3.0030030718050993,2023-08
2023-08-29 17:00:00,68.0,SNT.WA,-0.8746333636544312,2023-08
2023-08-30 17:00:00,67.5999984741211,SNT.WA,-0.5882375380572125,2023-08
2023-08-31 17:00:00,68.5999984741211,SNT.WA,1.4792899742192,2023-08
2023-09-01 17:00:00,72.19999694824219,SNT.WA,5.247811303493211,2023-09
2023-09-04 17:00:00,72.5999984741211,SNT.WA,0.5540187573216393,2023-09
2023-09-05 17:00:00,69.5999984741211,SNT.WA,-4.132231491808335,2023-09
2023-09-06 17:00:00,68.19999694824219,SNT.WA,-2.011496489327458,2023-09
2023-09-07 17:00:00,67.19999694824219,SNT.WA,-1.4662757254357506,2023-09
2023-09-08 17:00:00,67.5999984741211,SNT.WA,0.5952403929229133,2023-09
2023-09-11 17:00:00,65.19999694824219,SNT.WA,-3.5502981953434265,2023-09
2023-09-12 17:00:00,63.20000076293945,SNT.WA,-3.0674789553907456,2023-09
2023-09-13 17:00:00,61.400001525878906,SNT.WA,-2.8481000242583376,2023-09
2023-09-14 17:00:00,60.79999923706055,SNT.WA,-0.9772024005007096,2023-09
2023-09-15 17:00:00,63.20000076293945,SNT.WA,3.9473709802548607,2023-09
2023-09-18 17:00:00,63.20000076293945,SNT.WA,0.0,2023-09
2023-09-19 17:00:00,61.79999923706055,SNT.WA,-2.2151922610416652,2023-09
2023-09-20 17:00:00,64.80000305175781,SNT.WA,4.854375164616842,2023-09
2023-09-21 17:00:00,62.400001525878906,SNT.WA,-3.703705884028974,2023-09
2023-09-22 17:00:00,62.0,SNT.WA,-0.6410280706692251,2023-09
2023-09-25 17:00:00,60.79999923706055,SNT.WA,-1.935485101515244,2023-09
2023-09-26 17:00:00,61.20000076293945,SNT.WA,0.6578972547668815,2023-09
2023-09-27 17:00:00,59.0,SNT.WA,-3.594772443649541,2023-09
2023-09-28 17:00:00,58.20000076293945,SNT.WA,-1.3559309102721184,2023-09
2023-09-29 17:00:00,60.59999847412109,SNT.WA,4.1237073534712065,2023-09
2023-10-02 17:00:00,60.20000076293945,SNT.WA,-0.6600622462927141,2023-10
2023-10-03 17:00:00,59.0,SNT.WA,-1.9933567238062277,2023-10
2023-10-04 17:00:00,59.400001525878906,SNT.WA,0.6779686879303526,2023-10
2023-10-05 17:00:00,61.0,SNT.WA,2.6936000555892514,2023-10
2023-10-06 17:00:00,58.0,SNT.WA,-4.918032786885251,2023-10
2023-10-09 17:00:00,60.0,SNT.WA,3.4482758620689724,2023-10
2023-10-10 17:00:00,62.400001525878906,SNT.WA,4.000002543131509,2023-10
2023-10-11 17:00:00,62.59999847412109,SNT.WA,0.3205079220378382,2023-10
2023-10-12 17:00:00,62.20000076293945,SNT.WA,-0.6389739950984019,2023-10
2023-10-13 17:00:00,63.0,SNT.WA,1.2861723910736922,2023-10
2023-10-16 17:00:00,62.20000076293945,SNT.WA,-1.269840058826266,2023-10
2023-10-17 17:00:00,62.59999847412109,SNT.WA,0.6430831290599626,2023-10
2023-10-18 17:00:00,60.0,SNT.WA,-4.153352296319834,2023-10
2023-10-19 17:00:00,62.59999847412109,SNT.WA,4.333330790201817,2023-10
2023-10-20 17:00:00,58.59999847412109,SNT.WA,-6.389776513578682,2023-10
2023-10-23 17:00:00,58.59999847412109,SNT.WA,0.0,2023-10
2023-10-24 17:00:00,62.0,SNT.WA,5.802050536537839,2023-10
2023-10-25 17:00:00,61.400001525878906,SNT.WA,-0.9677394743888623,2023-10
2023-10-26 17:00:00,59.79999923706055,SNT.WA,-2.605866855140049,2023-10
2023-10-27 17:00:00,62.59999847412109,SNT.WA,4.682273031410444,2023-10
2023-10-30 17:00:00,62.20000076293945,SNT.WA,-0.6389739950984019,2023-10
2023-10-31 17:00:00,62.79999923706055,SNT.WA,0.9646277600668274,2023-10
2023-11-02 17:00:00,65.19999694824219,SNT.WA,3.821652452768376,2023-11
2023-11-03 17:00:00,63.59999847412109,SNT.WA,-2.453985504617784,2023-11
2023-11-06 17:00:00,66.0,SNT.WA,3.7735873953762322,2023-11
2023-11-07 17:00:00,66.5999984741211,SNT.WA,0.9090885971531737,2023-11
2023-11-08 17:00:00,67.5999984741211,SNT.WA,1.5015015359025385,2023-11
2023-11-09 17:00:00,67.5999984741211,SNT.WA,0.0,2023-11
2023-11-10 17:00:00,65.80000305175781,SNT.WA,-2.6627151819424433,2023-11
2023-11-13 17:00:00,66.5999984741211,SNT.WA,1.2157984578420322,2023-11
2023-11-14 17:00:00,69.0,SNT.WA,3.6036059772756257,2023-11
2023-11-15 17:00:00,68.5999984741211,SNT.WA,-0.5797123563462403,2023-11
2023-11-16 17:00:00,68.4000015258789,SNT.WA,-0.2915407473626064,2023-11
2023-11-17 17:00:00,72.4000015258789,SNT.WA,5.847953085917124,2023-11
2023-11-20 17:00:00,72.4000015258789,SNT.WA,0.0,2023-11
2023-11-21 17:00:00,73.19999694824219,SNT.WA,1.1049660297000496,2023-11
2023-11-22 17:00:00,73.4000015258789,SNT.WA,0.2732303087090715,2023-11
2023-11-23 17:00:00,75.0,SNT.WA,2.1798343880919058,2023-11
2023-11-24 17:00:00,74.0,SNT.WA,-1.3333333333333308,2023-11
2023-11-27 17:00:00,76.0,SNT.WA,2.7027027027026973,2023-11
2023-11-28 17:00:00,77.4000015258789,SNT.WA,1.8421072708932895,2023-11
2023-11-29 17:00:00,80.5999984741211,SNT.WA,4.134362900719402,2023-11
2023-11-30 17:00:00,80.80000305175781,SNT.WA,0.2481446419641431,2023-11
2023-12-01 17:00:00,80.4000015258789,SNT.WA,-0.49505137471675953,2023-12
2023-12-04 17:00:00,80.4000015258789,SNT.WA,0.0,2023-12
2023-12-05 17:00:00,81.19999694824219,SNT.WA,0.9950191631598271,2023-12
2023-12-06 17:00:00,81.4000015258789,SNT.WA,0.24631106546002535,2023-12
2023-12-07 17:00:00,81.5999984741211,SNT.WA,0.24569649200634203,2023-12
2023-12-08 17:00:00,83.5999984741211,SNT.WA,2.45098043798897,2023-12
2023-12-11 17:00:00,85.80000305175781,SNT.WA,2.6315844710424807,2023-12
2023-12-12 17:00:00,86.5999984741211,SNT.WA,0.9323955639962911,2023-12
2023-12-13 17:00:00,89.19999694824219,SNT.WA,3.0023077597375103,2023-12
2023-12-14 17:00:00,91.4000015258789,SNT.WA,2.4663729292650816,2023-12
2023-12-15 17:00:00,90.0,SNT.WA,-1.5317303090881418,2023-12
2023-12-18 17:00:00,87.0,SNT.WA,-3.3333333333333326,2023-12
2023-12-19 17:00:00,87.0,SNT.WA,0.0,2023-12
2023-12-20 17:00:00,84.0,SNT.WA,-3.4482758620689613,2023-12
2023-12-21 17:00:00,85.4000015258789,SNT.WA,1.666668483189171,2023-12
2023-12-22 17:00:00,85.0,SNT.WA,-0.46838585331604454,2023-12
2023-12-27 17:00:00,85.19999694824219,SNT.WA,0.23529052734374556,2023-12
2023-12-28 17:00:00,86.80000305175781,SNT.WA,1.8779415033167268,2023-12
2023-12-29 17:00:00,86.0,SNT.WA,-0.9216624696208542,2023-12
2024-01-02 17:00:00,83.80000305175781,SNT.WA,-2.558135986328125,2024-01
2024-01-03 17:00:00,82.5999984741211,SNT.WA,-1.4319863173460234,2024-01
2024-01-04 17:00:00,83.0,SNT.WA,0.48426335746751814,2024-01
2024-01-05 17:00:00,83.0,SNT.WA,0.0,2024-01
2024-01-08 17:00:00,83.80000305175781,SNT.WA,0.9638590985033835,2024-01
2024-01-09 17:00:00,85.5999984741211,SNT.WA,2.1479658195854068,2024-01
2024-01-10 17:00:00,87.80000305175781,SNT.WA,2.570098851464153,2024-01
2024-01-11 17:00:00,89.4000015258789,SNT.WA,1.8223216611711335,2024-01
2024-01-12 17:00:00,91.1999969482422,SNT.WA,2.013417664027939,2024-01
2024-01-15 17:00:00,86.80000305175781,SNT.WA,-4.824554872497933,2024-01
2024-01-16 17:00:00,87.0,SNT.WA,0.2304112225928412,2024-01
2024-01-17 17:00:00,85.4000015258789,SNT.WA,-1.83907870588631,2024-01
2024-01-18 17:00:00,85.4000015258789,SNT.WA,0.0,2024-01
2024-01-19 17:00:00,86.4000015258789,SNT.WA,1.1709601664315672,2024-01
2024-01-22 17:00:00,86.19999694824219,SNT.WA,-0.23148677558392228,2024-01
2024-01-23 17:00:00,85.4000015258789,SNT.WA,-0.9280689683128784,2024-01
2024-01-24 17:00:00,86.19999694824219,SNT.WA,0.9367627729150119,2024-01
2024-01-25 17:00:00,84.19999694824219,SNT.WA,-2.3201856969912393,2024-01
2024-01-26 17:00:00,84.0,SNT.WA,-0.23752607540488135,2024-01
2024-01-29 17:00:00,84.0,SNT.WA,0.0,2024-01
2024-01-30 17:00:00,84.5999984741211,SNT.WA,0.7142838977632016,2024-01
2024-01-31 17:00:00,86.19999694824219,SNT.WA,1.891251185554732,2024-01
2024-02-01 17:00:00,90.0,SNT.WA,4.40835636460577,2024-02
2024-02-02 17:00:00,95.1999969482422,SNT.WA,5.777774386935786,2024-02
2024-02-05 17:00:00,95.4000015258789,SNT.WA,0.21008884879003542,2024-02
2024-02-06 17:00:00,99.5999984741211,SNT.WA,4.402512453946739,2024-02
2024-02-07 17:00:00,101.0,SNT.WA,1.4056240435010414,2024-02
2024-02-08 17:00:00,99.8000030517578,SNT.WA,-1.1881157903388173,2024-02
2024-02-09 17:00:00,99.0,SNT.WA,-0.8016062397742663,2024-02
2024-02-12 17:00:00,100.5,SNT.WA,1.5151515151515138,2024-02
2024-02-13 17:00:00,101.0,SNT.WA,0.4975124378109541,2024-02
2024-02-14 17:00:00,109.0,SNT.WA,7.920792079207928,2024-02
2024-02-15 17:00:00,107.0,SNT.WA,-1.834862385321101,2024-02
2024-02-16 17:00:00,108.5,SNT.WA,1.4018691588784993,2024-02
2024-02-19 17:00:00,108.5,SNT.WA,0.0,2024-02
2024-02-20 17:00:00,106.0,SNT.WA,-2.304147465437789,2024-02
2024-02-21 17:00:00,106.0,SNT.WA,0.0,2024-02
2024-02-22 17:00:00,109.5,SNT.WA,3.301886792452824,2024-02
2024-02-23 17:00:00,117.5,SNT.WA,7.30593607305936,2024-02
2024-02-26 17:00:00,123.5,SNT.WA,5.106382978723412,2024-02
2024-02-27 17:00:00,120.5,SNT.WA,-2.429149797570851,2024-02
2024-02-28 17:00:00,117.5,SNT.WA,-2.4896265560165998,2024-02
2024-02-29 17:00:00,132.0,SNT.WA,12.3404255319149,2024-02
2024-03-01 17:00:00,131.5,SNT.WA,-0.37878787878787845,2024-03
2024-03-04 17:00:00,127.0,SNT.WA,-3.4220532319391594,2024-03
2024-03-05 17:00:00,126.5,SNT.WA,-0.3937007874015741,2024-03
2024-03-06 17:00:00,125.5,SNT.WA,-0.7905138339920903,2024-03
2024-03-07 17:00:00,125.0,SNT.WA,-0.3984063745019917,2024-03
2024-03-08 17:00:00,127.0,SNT.WA,1.6000000000000014,2024-03
2024-03-11 17:00:00,138.0,SNT.WA,8.661417322834652,2024-03
2024-03-12 17:00:00,145.0,SNT.WA,5.072463768115942,2024-03
2024-03-13 17:00:00,143.0,SNT.WA,-1.379310344827589,2024-03
2024-03-14 17:00:00,154.0,SNT.WA,7.692307692307687,2024-03
2024-03-15 17:00:00,151.0,SNT.WA,-1.9480519480519431,2024-03
2024-03-18 17:00:00,145.0,SNT.WA,-3.9735099337748325,2024-03
2024-03-19 17:00:00,146.5,SNT.WA,1.0344827586206806,2024-03
2024-03-20 17:00:00,152.0,SNT.WA,3.754266211604085,2024-03
2024-03-21 17:00:00,153.0,SNT.WA,0.6578947368421018,2024-03
2024-03-22 17:00:00,148.0,SNT.WA,-3.26797385620915,2024-03
2024-03-25 17:00:00,145.5,SNT.WA,-1.6891891891891886,2024-03
2024-03-26 17:00:00,143.0,SNT.WA,-1.718213058419249,2024-03
2024-03-27 17:00:00,151.5,SNT.WA,5.944055944055937,2024-03
2024-03-28 17:00:00,149.5,SNT.WA,-1.320132013201325,2024-03
2024-04-02 17:00:00,145.0,SNT.WA,-3.0100334448160515,2024-04
2024-04-03 17:00:00,140.39999389648438,SNT.WA,-3.1724180024245707,2024-04
2024-04-04 17:00:00,137.0,SNT.WA,-2.4216481796937694,2024-04
2024-04-05 17:00:00,137.8000030517578,SNT.WA,0.5839438333998581,2024-04
2024-04-08 17:00:00,141.8000030517578,SNT.WA,2.9027575554534613,2024-04
2024-04-09 17:00:00,139.0,SNT.WA,-1.9746142394198696,2024-04
2024-04-10 17:00:00,139.60000610351562,SNT.WA,0.4316590672774234,2024-04
2024-04-11 17:00:00,128.60000610351562,SNT.WA,-7.879655815948405,2024-04
2024-04-12 17:00:00,128.8000030517578,SNT.WA,0.15551861489120355,2024-04
2024-04-15 17:00:00,126.8000030517578,SNT.WA,-1.5527949942643393,2024-04
2024-04-16 17:00:00,118.4000015258789,SNT.WA,-6.6246067221703,2024-04
2024-04-17 17:00:00,118.1999969482422,SNT.WA,-0.16892278298914487,2024-04
2024-04-18 17:00:00,123.8000030517578,SNT.WA,4.737737942554898,2024-04
2024-04-19 17:00:00,122.5999984741211,SNT.WA,-0.9693090048915498,2024-04
2024-04-22 17:00:00,129.0,SNT.WA,5.220229694562217,2024-04
2024-04-23 17:00:00,129.39999389648438,SNT.WA,0.310072787972393,2024-04
2024-04-24 17:00:00,130.60000610351562,SNT.WA,0.9273665097629058,2024-04
2024-04-25 17:00:00,125.8000030517578,SNT.WA,-3.675346728508777,2024-04
2024-04-26 17:00:00,132.1999969482422,SNT.WA,5.087435406381702,2024-04
2024-04-29 17:00:00,130.60000610351562,SNT.WA,-1.2102805458860777,2024-04
2024-04-30 17:00:00,129.1999969482422,SNT.WA,-1.0719824577678616,2024-04
2024-05-02 17:00:00,126.1999969482422,SNT.WA,-2.3219814789947613,2024-05
2024-05-06 17:00:00,131.1999969482422,SNT.WA,3.961965230514708,2024-05
2024-05-07 17:00:00,130.39999389648438,SNT.WA,-0.6097584377790843,2024-05
2024-05-08 17:00:00,129.39999389648438,SNT.WA,-0.7668712015384216,2024-05
2024-05-09 17:00:00,135.0,SNT.WA,4.327671072376904,2024-05
2024-05-10 17:00:00,128.39999389648438,SNT.WA,-4.888893410011574,2024-05
2024-05-13 17:00:00,129.1999969482422,SNT.WA,0.6230553658770122,2024-05
2024-05-14 17:00:00,127.4000015258789,SNT.WA,-1.3931853443343023,2024-05
2024-05-15 17:00:00,129.39999389648438,SNT.WA,1.5698527053778832,2024-05
2024-05-16 17:00:00,128.39999389648438,SNT.WA,-0.7727975634990836,2024-05
2024-05-17 17:00:00,136.0,SNT.WA,5.9190081501426794,2024-05
2024-05-20 17:00:00,140.60000610351562,SNT.WA,3.3823574290556158,2024-05
2024-05-21 17:00:00,137.60000610351562,SNT.WA,-2.1337125674029345,2024-05
2024-05-22 17:00:00,148.60000610351562,SNT.WA,7.994185691913969,2024-05
2024-05-23 17:00:00,142.8000030517578,SNT.WA,-3.903097451905546,2024-05
2024-05-24 17:00:00,141.60000610351562,SNT.WA,-0.8403339794098241,2024-05
2024-05-27 17:00:00,146.60000610351562,SNT.WA,3.531073294124565,2024-05
2024-05-28 17:00:00,149.8000030517578,SNT.WA,2.18280819578045,2024-05
2024-05-29 17:00:00,143.0,SNT.WA,-4.5393877925411825,2024-05
2024-05-31 17:00:00,140.0,SNT.WA,-2.0979020979020935,2024-05
2024-06-03 17:00:00,143.0,SNT.WA,2.1428571428571352,2024-06
2024-06-04 17:00:00,139.8000030517578,SNT.WA,-2.2377601036658645,2024-06
2024-06-05 17:00:00,142.1999969482422,SNT.WA,1.7167337940585226,2024-06
2024-06-06 17:00:00,146.0,SNT.WA,2.6722947491629956,2024-06
2024-06-07 17:00:00,145.8000030517578,SNT.WA,-0.13698421112479098,2024-06
2024-06-10 17:00:00,142.60000610351562,SNT.WA,-2.1947852409208934,2024-06
2024-06-11 17:00:00,138.60000610351562,SNT.WA,-2.805048968298318,2024-06
2024-06-12 17:00:00,147.39999389648438,SNT.WA,6.34919726222547,2024-06
2024-06-13 17:00:00,143.0,SNT.WA,-2.9850706096869906,2024-06
2024-06-14 17:00:00,141.39999389648438,SNT.WA,-1.1188853870738646,2024-06
2024-06-17 17:00:00,141.39999389648438,SNT.WA,0.0,2024-06
2024-06-18 17:00:00,140.39999389648438,SNT.WA,-0.7072136090275016,2024-06
2024-06-19 17:00:00,138.1999969482422,SNT.WA,-1.566949461453837,2024-06
2024-06-20 17:00:00,134.60000610351562,SNT.WA,-2.604913838076861,2024-06
2024-06-21 17:00:00,136.1999969482422,SNT.WA,1.1887004250921596,2024-06
2024-06-24 17:00:00,134.0,SNT.WA,-1.61526945487247,2024-06
2024-06-25 17:00:00,132.60000610351562,SNT.WA,-1.0447715645405808,2024-06
2024-06-26 17:00:00,134.0,SNT.WA,1.0558022866088423,2024-06
2024-06-27 17:00:00,138.60000610351562,SNT.WA,3.4328403757579284,2024-06
2024-06-28 17:00:00,145.60000610351562,SNT.WA,5.050504828096436,2024-06
2024-07-01 17:00:00,147.1999969482422,SNT.WA,1.0988947648731706,2024-07
2024-07-02 17:00:00,142.60000610351562,SNT.WA,-3.124993845172419,2024-07
2024-07-03 17:00:00,147.0,SNT.WA,3.0855495849630987,2024-07
2024-07-04 17:00:00,144.39999389648438,SNT.WA,-1.7687116350446397,2024-07
2024-07-05 17:00:00,141.60000610351562,SNT.WA,-1.939049800082382,2024-07
2024-07-08 17:00:00,142.0,SNT.WA,0.28248155313777,2024-07
2024-07-09 17:00:00,144.0,SNT.WA,1.4084507042253502,2024-07
2024-07-10 17:00:00,142.60000610351562,SNT.WA,-0.9722179836697098,2024-07
2024-07-11 17:00:00,142.8000030517578,SNT.WA,0.14025030833237917,2024-07
2024-07-12 17:00:00,143.60000610351562,SNT.WA,0.5602262147486492,2024-07
2024-07-15 17:00:00,139.8000030517578,SNT.WA,-2.6462415670223116,2024-07
2024-07-16 17:00:00,136.0,SNT.WA,-2.718170936198727,2024-07
2024-07-17 17:00:00,136.39999389648438,SNT.WA,0.2941131591796875,2024-07
2024-07-18 17:00:00,138.60000610351562,SNT.WA,1.6129122474161317,2024-07
2024-07-19 17:00:00,137.0,SNT.WA,-1.1544055072556292,2024-07
2024-07-22 17:00:00,140.0,SNT.WA,2.1897810218978186,2024-07
2024-07-23 17:00:00,139.60000610351562,SNT.WA,-0.28570992606026246,2024-07
2024-07-24 17:00:00,144.0,SNT.WA,3.1518579542336944,2024-07
2024-07-25 17:00:00,144.8000030517578,SNT.WA,0.5555576748318192,2024-07
2024-07-26 17:00:00,148.1999969482422,SNT.WA,2.348062033720444,2024-07
2024-07-29 17:00:00,138.1999969482422,SNT.WA,-6.747638465534134,2024-07
2024-07-30 17:00:00,139.1999969482422,SNT.WA,0.7235890174255966,2024-07
2024-07-31 17:00:00,142.0,SNT.WA,2.011496489327458,2024-07
2024-08-01 17:00:00,141.1999969482422,SNT.WA,-0.5633824308153623,2024-08
2024-08-02 17:00:00,140.0,SNT.WA,-0.8498562140068944,2024-08
2024-08-05 17:00:00,134.60000610351562,SNT.WA,-3.8571384974888434,2024-08
2024-08-06 17:00:00,131.39999389648438,SNT.WA,-2.3774235229753637,2024-08
2024-08-07 17:00:00,129.60000610351562,SNT.WA,-1.3698537873500727,2024-08
2024-08-08 17:00:00,127.4000015258789,SNT.WA,-1.6975343163792012,2024-08
2024-08-09 17:00:00,131.0,SNT.WA,2.825744451337253,2024-08
2024-08-12 17:00:00,134.39999389648438,SNT.WA,2.595415188156003,2024-08
2024-08-13 17:00:00,136.39999389648438,SNT.WA,1.4880953056741975,2024-08
2024-08-14 17:00:00,135.1999969482422,SNT.WA,-0.8797631979022502,2024-08
2024-08-16 17:00:00,138.0,SNT.WA,2.0710082211242264,2024-08
2024-08-19 17:00:00,137.8000030517578,SNT.WA,-0.1449253248131832,2024-08
2024-08-20 17:00:00,134.60000610351562,SNT.WA,-2.322203829734504,2024-08
2024-08-21 17:00:00,135.8000030517578,SNT.WA,0.8915281529179975,2024-08
2024-08-22 17:00:00,139.8000030517578,SNT.WA,2.9455080339545026,2024-08
2024-08-23 17:00:00,145.1999969482422,SNT.WA,3.862656493995309,2024-08
2024-08-26 17:00:00,143.39999389648438,SNT.WA,-1.2396715493041222,2024-08
2024-08-27 17:00:00,143.60000610351562,SNT.WA,0.13947853245770414,2024-08
2024-08-28 17:00:00,147.0,SNT.WA,2.3676836712899885,2024-08
2024-08-29 17:00:00,146.60000610351562,SNT.WA,-0.2721046914859748,2024-08
2024-08-30 17:00:00,148.8000030517578,SNT.WA,1.5006799840709073,2024-08
2024-09-02 17:00:00,162.1999969482422,SNT.WA,9.005372057568707,2024-09
2024-09-03 17:00:00,166.0,SNT.WA,2.3427886086646366,2024-09
2024-09-04 17:00:00,167.8000030517578,SNT.WA,1.084339187805905,2024-09
2024-09-05 17:00:00,161.60000610351562,SNT.WA,-3.694872965127305,2024-09
2024-09-06 17:00:00,162.60000610351562,SNT.WA,0.6188118578160484,2024-09
2024-09-09 17:00:00,167.60000610351562,SNT.WA,3.0750306348800827,2024-09
2024-09-10 17:00:00,163.8000030517578,SNT.WA,-2.267304840914386,2024-09
2024-09-11 17:00:00,161.0,SNT.WA,-1.70940354065382,2024-09
2024-09-12 17:00:00,164.8000030517578,SNT.WA,2.3602503427067267,2024-09
2024-09-13 17:00:00,166.1999969482422,SNT.WA,0.8495108437860166,2024-09
2024-09-16 17:00:00,163.8000030517578,SNT.WA,-1.44403967542297,2024-09
2024-09-17 17:00:00,177.0,SNT.WA,8.058606045368165,2024-09
2024-09-18 17:00:00,180.3999938964844,SNT.WA,1.9209005064883655,2024-09
2024-09-19 17:00:00,180.3999938964844,SNT.WA,0.0,2024-09
2024-09-20 17:00:00,181.0,SNT.WA,0.33259762960962114,2024-09
2024-09-23 17:00:00,186.0,SNT.WA,2.7624309392265234,2024-09
2024-09-24 17:00:00,179.8000030517578,SNT.WA,-3.333331692603325,2024-09
2024-09-25 17:00:00,189.0,SNT.WA,5.116794656334811,2024-09
2024-09-26 17:00:00,186.0,SNT.WA,-1.5873015873015928,2024-09
2024-09-27 17:00:00,189.3999938964844,SNT.WA,1.827953707787322,2024-09
2024-09-30 17:00:00,191.8000030517578,SNT.WA,1.2671643255622866,2024-09
2024-10-01 17:00:00,190.1999969482422,SNT.WA,-0.8342054630123497,2024-10
2024-10-02 17:00:00,186.8000030517578,SNT.WA,-1.787588828095299,2024-10
2024-10-03 17:00:00,183.0,SNT.WA,-2.034262842439527,2024-10
2024-10-04 17:00:00,182.0,SNT.WA,-0.5464480874316946,2024-10
2024-10-07 17:00:00,174.8000030517578,SNT.WA,-3.9560422792539462,2024-10
2024-10-08 17:00:00,178.0,SNT.WA,1.8306618377430306,2024-10
2024-10-09 17:00:00,186.3999938964844,SNT.WA,4.719097694654151,2024-10
2024-10-10 17:00:00,191.0,SNT.WA,2.4678145140230923,2024-10
2024-10-11 17:00:00,189.1999969482422,SNT.WA,-0.9424099747423087,2024-10
2024-10-14 17:00:00,192.0,SNT.WA,1.4799170702543885,2024-10
2024-10-15 17:00:00,187.6000061035156,SNT.WA,-2.2916634877522934,2024-10
2024-10-16 17:00:00,186.6000061035156,SNT.WA,-0.5330490231691187,2024-10
2024-10-17 17:00:00,180.0,SNT.WA,-3.536980647178689,2024-10
2024-10-18 17:00:00,182.3999938964844,SNT.WA,1.3333299424913347,2024-10
2024-10-21 17:00:00,183.0,SNT.WA,0.3289507256541313,2024-10
2024-10-22 17:00:00,180.0,SNT.WA,-1.6393442622950838,2024-10
2024-10-23 17:00:00,182.1999969482422,SNT.WA,1.2222205268012099,2024-10
2024-10-24 17:00:00,184.6000061035156,SNT.WA,1.3172388559123727,2024-10
2024-10-25 17:00:00,184.1999969482422,SNT.WA,-0.21668967608219347,2024-10
2024-10-28 17:00:00,185.0,SNT.WA,0.4343121959891283,2024-10
2024-10-29 17:00:00,182.1999969482422,SNT.WA,-1.5135151631123334,2024-10
2024-10-30 17:00:00,180.6000061035156,SNT.WA,-0.8781508625277823,2024-10
2024-10-31 17:00:00,178.60000610351562,SNT.WA,-1.1074196746447607,2024-10
2024-11-04 17:00:00,177.39999389648438,SNT.WA,-0.6718993090827352,2024-11
2024-11-05 17:00:00,174.8000030517578,SNT.WA,-1.4656093202819909,2024-11
2024-11-06 17:00:00,175.0,SNT.WA,0.11441472811815068,2024-11
2024-11-07 17:00:00,178.0,SNT.WA,1.7142857142857126,2024-11
2024-11-08 17:00:00,181.0,SNT.WA,1.6853932584269593,2024-11
2024-11-12 17:00:00,178.0,SNT.WA,-1.6574585635359074,2024-11
2024-11-13 17:00:00,175.0,SNT.WA,-1.6853932584269704,2024-11
2024-11-14 17:00:00,178.0,SNT.WA,1.7142857142857126,2024-11
2024-11-15 17:00:00,172.1999969482422,SNT.WA,-3.258428680762815,2024-11
2024-11-18 17:00:00,175.39999389648438,SNT.WA,1.8583025580447554,2024-11
2024-11-19 17:00:00,169.60000610351562,SNT.WA,-3.3067206355729573,2024-11
2024-11-20 17:00:00,172.8000030517578,SNT.WA,1.8867905855434186,2024-11
2024-11-21 17:00:00,174.8000030517578,SNT.WA,1.1574073869668577,2024-11
2024-11-22 17:00:00,176.39999389648438,SNT.WA,0.915326554229412,2024-11
2024-11-25 17:00:00,172.39999389648438,SNT.WA,-2.267573774604148,2024-11
2024-11-26 17:00:00,170.8000030517578,SNT.WA,-0.9280689683128784,2024-11
2024-11-27 17:00:00,171.8000030517578,SNT.WA,0.5854800832157947,2024-11
2024-11-28 17:00:00,166.1999969482422,SNT.WA,-3.25960768570448,2024-11
2024-11-29 17:00:00,167.0,SNT.WA,0.48134961880110794,2024-11
2024-12-02 17:00:00,174.0,SNT.WA,4.191616766467066,2024-12
2024-12-03 17:00:00,182.0,SNT.WA,4.597701149425282,2024-12
2024-12-04 17:00:00,180.0,SNT.WA,-1.098901098901095,2024-12
2024-12-05 17:00:00,179.39999389648438,SNT.WA,-0.3333367241753482,2024-12
2024-12-06 17:00:00,181.3999938964844,SNT.WA,1.1148272397121906,2024-12
2024-12-09 17:00:00,185.0,SNT.WA,1.9845679297927354,2024-12
2024-12-10 17:00:00,184.3999938964844,SNT.WA,-0.3243276235219472,2024-12
2024-12-11 17:00:00,186.1999969482422,SNT.WA,0.9761405159092629,2024-12
2024-12-12 17:00:00,191.8000030517578,SNT.WA,3.007522124220152,2024-12
2024-12-13 17:00:00,190.8000030517578,SNT.WA,-0.5213764254894948,2024-12
2024-12-16 17:00:00,196.0,SNT.WA,2.725365233265542,2024-12
2024-12-17 17:00:00,188.0,SNT.WA,-4.081632653061229,2024-12
2024-12-18 17:00:00,184.3999938964844,SNT.WA,-1.9148968635721242,2024-12
2024-12-19 17:00:00,190.8000030517578,SNT.WA,3.470720914918335,2024-12
2024-12-20 17:00:00,189.3999938964844,SNT.WA,-0.7337574071702879,2024-12
2024-12-23 17:00:00,191.0,SNT.WA,0.8447762170415318,2024-12
2024-12-27 17:00:00,194.3999938964844,SNT.WA,1.7801015164839784,2024-12
2024-12-30 17:00:00,198.6000061035156,SNT.WA,2.160500174330071,2024-12
2025-01-02 17:00:00,209.5,SNT.WA,5.488415690583137,2025-01
2025-01-03 17:00:00,209.0,SNT.WA,-0.23866348448687846,2025-01
2025-01-07 17:00:00,201.5,SNT.WA,-3.5885167464114853,2025-01
2025-01-08 17:00:00,200.5,SNT.WA,-0.496277915632759,2025-01
2025-01-09 17:00:00,202.0,SNT.WA,0.7481296758104827,2025-01
2025-01-10 17:00:00,208.5,SNT.WA,3.2178217821782207,2025-01
2025-01-13 17:00:00,211.0,SNT.WA,1.1990407673860837,2025-01
2025-01-14 17:00:00,211.0,SNT.WA,0.0,2025-01
2025-01-15 17:00:00,218.5,SNT.WA,3.5545023696682554,2025-01
2025-01-16 17:00:00,217.0,SNT.WA,-0.6864988558352381,2025-01
2025-01-17 17:00:00,223.5,SNT.WA,2.995391705069128,2025-01
2025-01-20 17:00:00,233.0,SNT.WA,4.250559284116329,2025-01
2025-01-21 17:00:00,233.5,SNT.WA,0.21459227467810482,2025-01
2025-01-22 17:00:00,226.5,SNT.WA,-2.997858672376874,2025-01
2025-01-23 17:00:00,227.0,SNT.WA,0.22075055187638082,2025-01
2025-01-24 17:00:00,228.5,SNT.WA,0.6607929515418443,2025-01
2025-01-27 17:00:00,215.5,SNT.WA,-5.689277899343548,2025-01
2025-01-28 17:00:00,220.0,SNT.WA,2.088167053364276,2025-01
2025-01-29 17:00:00,216.5,SNT.WA,-1.5909090909090873,2025-01
2025-01-30 17:00:00,217.0,SNT.WA,0.23094688221709792,2025-01
2025-01-31 17:00:00,220.0,SNT.WA,1.382488479262678,2025-01
2025-02-03 17:00:00,214.5,SNT.WA,-2.500000000000002,2025-02
2025-02-04 17:00:00,220.0,SNT.WA,2.564102564102555,2025-02
2025-02-05 17:00:00,233.5,SNT.WA,6.136363636363629,2025-02
2025-02-06 17:00:00,235.0,SNT.WA,0.6423982869379063,2025-02
2025-02-07 17:00:00,231.5,SNT.WA,-1.4893617021276562,2025-02
2025-02-10 17:00:00,231.5,SNT.WA,0.0,2025-02
2025-02-11 17:00:00,230.0,SNT.WA,-0.6479481641468721,2025-02
2025-02-12 17:00:00,235.0,SNT.WA,2.1739130434782705,2025-02
2025-02-13 17:00:00,232.5,SNT.WA,-1.0638297872340385,2025-02
2025-02-14 17:00:00,227.0,SNT.WA,-2.3655913978494647,2025-02
2025-02-17 17:00:00,227.5,SNT.WA,0.22026431718060735,2025-02
2025-02-18 17:00:00,227.5,SNT.WA,0.0,2025-02
2025-02-19 17:00:00,229.5,SNT.WA,0.879120879120876,2025-02
2025-02-20 17:00:00,229.0,SNT.WA,-0.21786492374727962,2025-02
2025-02-21 17:00:00,226.5,SNT.WA,-1.091703056768556,2025-02
2025-02-24 17:00:00,224.0,SNT.WA,-1.103752759381893,2025-02
2025-02-25 17:00:00,225.0,SNT.WA,0.44642857142858094,2025-02
2025-02-26 17:00:00,225.0,SNT.WA,0.0,2025-02
2025-02-27 17:00:00,222.0,SNT.WA,-1.3333333333333308,2025-02
2025-02-28 17:00:00,223.5,SNT.WA,0.6756756756756799,2025-02
2025-03-03 17:00:00,221.0,SNT.WA,-1.118568232662187,2025-03
2025-03-04 17:00:00,207.0,SNT.WA,-6.334841628959276,2025-03
2025-03-05 17:00:00,208.0,SNT.WA,0.48309178743961567,2025-03
2025-03-06 17:00:00,209.0,SNT.WA,0.48076923076922906,2025-03
2025-03-07 17:00:00,210.0,SNT.WA,0.4784688995215225,2025-03
2025-03-10 17:00:00,202.5,SNT.WA,-3.57142857142857,2025-03
2025-03-11 17:00:00,204.0,SNT.WA,0.7407407407407307,2025-03
2025-03-12 17:00:00,208.5,SNT.WA,2.2058823529411686,2025-03
2025-03-13 17:00:00,207.0,SNT.WA,-0.7194244604316502,2025-03
2025-03-14 17:00:00,211.0,SNT.WA,1.9323671497584627,2025-03
2025-03-17 17:00:00,209.0,SNT.WA,-0.9478672985781977,2025-03
2025-03-18 17:00:00,209.0,SNT.WA,0.0,2025-03
2025-03-19 17:00:00,208.0,SNT.WA,-0.4784688995215336,2025-03
2025-03-20 17:00:00,209.5,SNT.WA,0.7211538461538547,2025-03
2025-03-21 17:00:00,212.0,SNT.WA,1.193317422434359,2025-03
2025-03-24 17:00:00,213.0,SNT.WA,0.4716981132075526,2025-03
2025-03-25 17:00:00,210.0,SNT.WA,-1.4084507042253502,2025-03
2025-03-26 17:00:00,212.0,SNT.WA,0.952380952380949,2025-03
2025-03-27 17:00:00,222.0,SNT.WA,4.716981132075482,2025-03
2025-03-28 17:00:00,218.0,SNT.WA,-1.8018018018018056,2025-03
2025-03-31 17:00:00,215.0,SNT.WA,-1.3761467889908285,2025-03
2025-04-01 17:00:00,211.3999938964844,SNT.WA,-1.6744214434956217,2025-04
2025-04-02 17:00:00,211.6000061035156,SNT.WA,0.09461315648340296,2025-04
2025-04-03 17:00:00,207.0,SNT.WA,-2.1739158652317125,2025-04
2025-04-04 17:00:00,202.0,SNT.WA,-2.4154589371980673,2025-04
2025-04-07 17:00:00,189.0,SNT.WA,-6.435643564356431,2025-04
2025-04-08 17:00:00,200.0,SNT.WA,5.820105820105814,2025-04
2025-04-09 17:00:00,191.1000061035156,SNT.WA,-4.449996948242196,2025-04
2025-04-10 17:00:00,198.3999938964844,SNT.WA,3.8199830244979305,2025-04
2025-04-11 17:00:00,197.6000061035156,SNT.WA,-0.40321966611863713,2025-04
2025-04-14 17:00:00,205.0,SNT.WA,3.7449360667568987,2025-04
2025-04-15 17:00:00,204.3999938964844,SNT.WA,-0.29268590415394424,2025-04
2025-04-16 17:00:00,205.3999938964844,SNT.WA,0.489236805215576,2025-04
2025-04-17 17:00:00,203.6000061035156,SNT.WA,-0.8763329340097048,2025-04
2025-04-22 17:00:00,206.6000061035156,SNT.WA,1.4734773625078912,2025-04
2025-04-23 17:00:00,204.3999938964844,SNT.WA,-1.0648655092144077,2025-04
2025-04-24 17:00:00,205.8000030517578,SNT.WA,0.6849360063985177,2025-04
2025-04-25 17:00:00,210.3999938964844,SNT.WA,2.2351753044287825,2025-04
2025-04-28 17:00:00,215.1999969482422,SNT.WA,2.281370337928501,2025-04
2025-04-29 17:00:00,224.0,SNT.WA,4.089220806947447,2025-04
2025-04-30 17:00:00,226.3999938964844,SNT.WA,1.0714258466448134,2025-04
2025-05-02 17:00:00,229.6000061035156,SNT.WA,1.4134329917404154,2025-05
2025-05-05 17:00:00,230.1999969482422,SNT.WA,0.2613200473766897,2025-05
2025-05-06 17:00:00,235.0,SNT.WA,2.08514470694674,2025-05
2025-05-07 17:00:00,231.6000061035156,SNT.WA,-1.4468059133976197,2025-05
2025-05-08 17:00:00,229.8000030517578,SNT.WA,-0.777203369741386,2025-05
2025-05-09 17:00:00,229.0,SNT.WA,-0.34813013104165735,2025-05
2025-05-12 17:00:00,230.0,SNT.WA,0.4366812227074135,2025-05
2025-05-13 17:00:00,232.8000030517578,SNT.WA,1.2173926311990435,2025-05
2025-05-14 17:00:00,229.3999938964844,SNT.WA,-1.4604850131885505,2025-05
2025-05-15 17:00:00,229.0,SNT.WA,-0.1743652602993917,2025-05
2025-05-16 17:00:00,225.1999969482422,SNT.WA,-1.6593899789335453,2025-05
2025-05-19 17:00:00,225.3999938964844,SNT.WA,0.0888085927852833,2025-05
2025-05-20 17:00:00,227.0,SNT.WA,0.7098518841355483,2025-05
2025-05-21 17:00:00,221.1999969482422,SNT.WA,-2.555067423681856,2025-05
2025-05-22 17:00:00,222.3999938964844,SNT.WA,0.54249410705145,2025-05
2025-05-23 17:00:00,220.0,SNT.WA,-1.0791339758765783,2025-05
2025-05-26 17:00:00,225.3999938964844,SNT.WA,2.454542680220184,2025-05
2025-05-27 17:00:00,227.0,SNT.WA,0.7098518841355483,2025-05
2025-05-28 17:00:00,225.6000061035156,SNT.WA,-0.6167373993323344,2025-05
2025-05-29 17:00:00,220.0,SNT.WA,-2.482272141848285,2025-05
2025-05-30 17:00:00,217.0,SNT.WA,-1.3636363636363669,2025-05
2025-06-02 17:00:00,217.0,SNT.WA,0.0,2025-06
2025-06-03 17:00:00,220.8000030517578,SNT.WA,1.7511534800727313,2025-06
2025-06-04 17:00:00,219.0,SNT.WA,-0.8152187621735973,2025-06
2025-06-05 17:00:00,216.8000030517578,SNT.WA,-1.0045648165489474,2025-06
2025-06-06 17:00:00,217.0,SNT.WA,0.09224951357331701,2025-06
2025-06-09 17:00:00,214.1999969482422,SNT.WA,-1.2903239869851646,2025-06
2025-06-10 17:00:00,216.1999969482422,SNT.WA,0.9337068293624906,2025-06
2025-06-11 17:00:00,214.1999969482422,SNT.WA,-0.9250693932612797,2025-06
2025-06-12 17:00:00,221.6000061035156,SNT.WA,3.4547195428118904,2025-06
2025-06-13 17:00:00,214.6000061035156,SNT.WA,-3.15884467833909,2025-06
2025-06-16 17:00:00,213.0,SNT.WA,-0.7455759822969532,2025-06
2025-06-17 17:00:00,209.6000061035156,SNT.WA,-1.5962412659551228,2025-06
2025-06-18 17:00:00,208.0,SNT.WA,-0.7633616683796252,2025-06
2025-06-20 17:00:00,209.1999969482422,SNT.WA,0.5769216097318175,2025-06
2025-06-23 17:00:00,207.3999938964844,SNT.WA,-0.860422121422455,2025-06
2025-06-24 17:00:00,210.3999938964844,SNT.WA,1.446480274004891,2025-06
2025-06-25 17:00:00,214.0,SNT.WA,1.7110295665154762,2025-06
2025-06-26 17:00:00,221.6000061035156,SNT.WA,3.5514047212689803,2025-06
2025-06-27 17:00:00,225.0,SNT.WA,1.5342932323278768,2025-06
2025-06-30 17:00:00,188.0,SNT.WA,-16.44444444444444,2025-06
2025-07-01 17:00:00,192.1000061035156,SNT.WA,2.180854310380642,2025-07
2025-07-02 17:00:00,202.6000061035156,SNT.WA,5.465903001763528,2025-07
2025-07-03 17:00:00,201.0,SNT.WA,-0.7897364537580942,2025-07
2025-07-04 17:00:00,198.0,SNT.WA,-1.4925373134328401,2025-07
2025-07-07 17:00:00,200.1999969482422,SNT.WA,1.1111095698192797,2025-07
2025-07-08 17:00:00,197.6000061035156,SNT.WA,-1.2986967454344023,2025-07
2025-07-09 17:00:00,201.0,SNT.WA,1.7206446313079882,2025-07
2025-07-10 17:00:00,197.5,SNT.WA,-1.741293532338306,2025-07
2025-07-11 17:00:00,197.3999938964844,SNT.WA,-0.05063600178004668,2025-07
2025-07-14 17:00:00,201.0,SNT.WA,1.8237113550284123,2025-07
2025-07-15 17:00:00,201.0,SNT.WA,0.0,2025-07
2025-07-16 17:00:00,202.1999969482422,SNT.WA,0.597013407085667,2025-07
2025-07-17 17:00:00,200.0,SNT.WA,-1.0880301589743957,2025-07
2025-07-18 17:00:00,206.1999969482422,SNT.WA,3.0999984741211017,2025-07
2025-07-21 17:00:00,202.3999938964844,SNT.WA,-1.8428725063034834,2025-07
2025-07-22 17:00:00,205.8000030517578,SNT.WA,1.6798464712465933,2025-07
2025-07-23 17:00:00,209.0,SNT.WA,1.55490617142382,2025-07
2025-07-24 17:00:00,210.0,SNT.WA,0.4784688995215225,2025-07
2025-07-25 17:00:00,213.8000030517578,SNT.WA,1.8095252627418068,2025-07
2025-07-28 17:00:00,208.6000061035156,SNT.WA,-2.4321781450037605,2025-07
2025-07-29 17:00:00,214.0,SNT.WA,2.58868347961827,2025-07
2025-07-30 17:00:00,214.1999969482422,SNT.WA,0.09345651787018294,2025-07
2025-07-31 17:00:00,214.3999938964844,SNT.WA,0.09336925821270547,2025-07
2025-08-01 17:00:00,203.8000030517578,SNT.WA,-4.944025721308753,2025-08
2025-08-04 17:00:00,206.0,SNT.WA,1.0794881821878377,2025-08
2025-08-05 17:00:00,206.1999969482422,SNT.WA,0.09708589720494043,2025-08
2025-08-06 17:00:00,215.0,SNT.WA,4.267702804072626,2025-08
2025-08-07 17:00:00,204.3999938964844,SNT.WA,-4.930235396983996,2025-08
2025-08-08 17:00:00,207.3999938964844,SNT.WA,1.467710415646728,2025-08
2025-08-11 17:00:00,212.0,SNT.WA,2.2179393630124666,2025-08
2025-08-12 17:00:00,212.6000061035156,SNT.WA,0.2830217469413254,2025-08
2025-08-13 17:00:00,216.1999969482422,SNT.WA,1.693316435265646,2025-08
2025-08-14 17:00:00,216.0,SNT.WA,-0.09250552778224952,2025-08
2025-08-18 17:00:00,218.0,SNT.WA,0.92592592592593,2025-08
2025-08-19 17:00:00,219.0,SNT.WA,0.4587155963302836,2025-08
2025-08-20 17:00:00,218.1999969482422,SNT.WA,-0.36529819714968825,2025-08
2025-08-21 17:00:00,221.0,SNT.WA,1.2832278143532605,2025-08
2025-08-22 17:00:00,223.0,SNT.WA,0.9049773755656076,2025-08
2025-08-25 17:00:00,225.6000061035156,SNT.WA,1.1659220195137099,2025-08
2025-08-26 17:00:00,225.3999938964844,SNT.WA,-0.08865789078897901,2025-08
2025-08-27 17:00:00,228.1999969482422,SNT.WA,1.2422374124125835,2025-08
2025-08-28 17:00:00,229.1999969482422,SNT.WA,0.43821210051409043,2025-08
2025-08-29 17:00:00,226.3999938964844,SNT.WA,-1.2216418364045967,2025-08
2025-09-01 17:00:00,229.8000030517578,SNT.WA,1.5017708687872,2025-09
2025-09-02 17:00:00,231.0,SNT.WA,0.5221918765474953,2025-09
2025-09-03 17:00:00,237.0,SNT.WA,2.5974025974025983,2025-09
2025-09-04 17:00:00,241.8000030517578,SNT.WA,2.025317743357724,2025-09
2025-09-05 17:00:00,242.3999938964844,SNT.WA,0.24813516838466665,2025-09
2025-09-08 17:00:00,237.0,SNT.WA,-2.2277203104181797,2025-09
2025-09-09 17:00:00,235.8000030517578,SNT.WA,-0.5063278262625315,2025-09
2025-09-10 17:00:00,231.0,SNT.WA,-2.0356246775383724,2025-09
2025-09-11 17:00:00,233.0,SNT.WA,0.8658008658008587,2025-09
2025-09-12 17:00:00,234.1999969482422,SNT.WA,0.5150201494601658,2025-09
2025-09-15 17:00:00,239.1999969482422,SNT.WA,2.134927440287293,2025-09
2025-09-16 17:00:00,242.3999938964844,SNT.WA,1.3377913833897859,2025-09
2025-09-17 17:00:00,242.0,SNT.WA,-0.16501398785315757,2025-09
2025-09-18 17:00:00,250.3999938964844,SNT.WA,3.4710718580514,2025-09
2025-09-19 17:00:00,250.1999969482422,SNT.WA,-0.07987098766659706,2025-09
2025-09-22 17:00:00,250.3999938964844,SNT.WA,0.07993483240673616,2025-09
2025-09-23 17:00:00,254.0,SNT.WA,1.437702153061493,2025-09
2025-09-24 17:00:00,253.8000030517578,SNT.WA,-0.07873895600085667,2025-09
2025-09-25 17:00:00,247.3999938964844,SNT.WA,-2.521674183734446,2025-09
2025-09-26 17:00:00,253.0,SNT.WA,2.263543347482333,2025-09
2025-09-29 17:00:00,253.0,SNT.WA,0.0,2025-09
2025-09-30 17:00:00,252.0,SNT.WA,-0.39525691699604515,2025-09
2025-10-01 17:00:00,250.1999969482422,SNT.WA,-0.7142869253007222,2025-10
2025-10-02 17:00:00,258.0,SNT.WA,3.1175072529562753,2025-10
2025-10-03 17:00:00,257.0,SNT.WA,-0.3875968992248069,2025-10
2025-10-06 17:00:00,255.0,SNT.WA,-0.7782101167315147,2025-10
2025-10-07 17:00:00,253.8000030517578,SNT.WA,-0.47058703852634887,2025-10
2025-10-08 17:00:00,255.6000061035156,SNT.WA,0.7092210520543984,2025-10
2025-10-09 17:00:00,256.3999938964844,SNT.WA,0.31298426207579944,2025-10
2025-10-10 17:00:00,265.79998779296875,SNT.WA,3.6661443526708526,2025-10
2025-10-13 17:00:00,259.3999938964844,SNT.WA,-2.4078232469556426,2025-10
2025-10-14 17:00:00,251.3999938964844,SNT.WA,-3.0840401650866767,2025-10
2025-10-15 17:00:00,255.3999938964844,SNT.WA,1.5910899352078012,2025-10
2025-10-16 17:00:00,254.0,SNT.WA,-0.5481573727256328,2025-10
2025-10-17 17:00:00,253.6000061035156,SNT.WA,-0.15747791200173555,2025-10
2025-10-20 17:00:00,253.3999938964844,SNT.WA,-0.07886916491222085,2025-10
2025-10-21 17:00:00,253.0,SNT.WA,-0.1578507916806804,2025-10
2025-10-22 17:00:00,254.8000030517578,SNT.WA,0.7114636568212651,2025-10
2025-10-23 17:00:00,258.0,SNT.WA,1.2558857574237026,2025-10
2025-10-24 17:00:00,258.3999938964844,SNT.WA,0.1550363939861965,2025-10
2025-10-27 17:00:00,261.20001220703125,SNT.WA,1.083598442989353,2025-10
2025-10-28 17:00:00,263.6000061035156,SNT.WA,0.9188337612259012,2025-10
2025-10-29 17:00:00,264.3999938964844,SNT.WA,0.3034854986515345,2025-10
2025-10-30 17:00:00,263.0,SNT.WA,-0.5294984602127073,2025-10
2025-10-31 17:00:00,263.0,SNT.WA,0.0,2025-10
2025-11-03 17:00:00,263.79998779296875,SNT.WA,0.3041778680489493,2025-11
2025-11-04 17:00:00,265.0,SNT.WA,0.45489471666428916,2025-11
2025-11-05 17:00:00,268.0,SNT.WA,1.132075471698113,2025-11
2025-11-06 17:00:00,265.3999938964844,SNT.WA,-0.9701515311625442,2025-11
2025-11-07 17:00:00,263.3999938964844,SNT.WA,-0.7535795199679174,2025-11
2025-11-10 17:00:00,263.79998779296875,SNT.WA,0.15185797484928987,2025-11
2025-11-12 17:00:00,264.0,SNT.WA,0.07581964226177629,2025-11
2025-11-13 17:00:00,264.3999938964844,SNT.WA,0.1515128395774168,2025-11
2025-11-14 17:00:00,260.0,SNT.WA,-1.66414296446884,2025-11
2025-11-17 17:00:00,258.0,SNT.WA,-0.7692307692307665,2025-11
2025-11-18 17:00:00,248.1999969482422,SNT.WA,-3.7984507952549706,2025-11
2025-11-19 17:00:00,254.8000030517578,SNT.WA,2.659148341928441,2025-11
2025-11-20 17:00:00,260.0,SNT.WA,2.040815104380478,2025-11
2025-11-21 17:00:00,260.0,SNT.WA,0.0,2025-11
2025-11-24 17:00:00,265.0,SNT.WA,1.9230769230769162,2025-11
2025-11-25 17:00:00,277.79998779296875,SNT.WA,4.830184072818389,2025-11
2025-11-26 17:00:00,279.6000061035156,SNT.WA,0.6479547838887489,2025-11
2025-11-27 17:00:00,275.3999938964844,SNT.WA,-1.5021502558466682,2025-11
2025-11-28 17:00:00,281.0,SNT.WA,2.0334082162763334,2025-11
2025-12-01 17:00:00,279.79998779296875,SNT.WA,-0.427050607484436,2025-12
2025-12-02 17:00:00,275.79998779296875,SNT.WA,-1.4295926284884963,2025-12
2025-12-03 17:00:00,277.79998779296875,SNT.WA,0.725163193807421,2025-12
2025-12-04 17:00:00,270.6000061035156,SNT.WA,-2.5917861792056462,2025-12
2025-12-05 17:00:00,273.0,SNT.WA,0.8869156845348725,2025-12
2025-12-08 17:00:00,273.0,SNT.WA,0.0,2025-12
2025-12-09 17:00:00,276.3999938964844,SNT.WA,1.2454190097012319,2025-12
2025-12-10 17:00:00,276.0,SNT.WA,-0.14471559526668676,2025-12
2025-12-11 17:00:00,270.20001220703125,SNT.WA,-2.101444852524914,2025-12
2025-12-12 17:00:00,270.20001220703125,SNT.WA,0.0,2025-12
2025-12-15 17:00:00,268.79998779296875,SNT.WA,-0.5181437271697065,2025-12
2025-12-16 17:00:00,269.0,SNT.WA,0.07440930659019518,2025-12
2025-12-17 17:00:00,263.0,SNT.WA,-2.2304832713754608,2025-12
2025-12-18 17:00:00,259.20001220703125,SNT.WA,-1.444862278695347,2025-12
2025-12-19 17:00:00,259.20001220703125,SNT.WA,0.0,2025-12
2025-12-22 17:00:00,273.6000061035156,SNT.WA,5.555552939165231,2025-12
2025-12-23 17:00:00,275.0,SNT.WA,0.5116936642006742,2025-12
2025-12-29 17:00:00,280.0,SNT.WA,1.8181818181818077,2025-12
2025-12-30 17:00:00,282.6000061035156,SNT.WA,0.9285736083984419,2025-12
2026-01-02 17:00:00,288.0,SNT.WA,1.9108258244362464,2026-01
2026-01-05 17:00:00,286.6000061035156,SNT.WA,-0.4861089918348549,2026-01
2026-01-07 17:00:00,288.79998779296875,SNT.WA,0.7676139715986352,2026-01
2026-01-08 17:00:00,304.79998779296875,SNT.WA,5.540166439158534,2026-01
2026-01-09 17:00:00,307.0,SNT.WA,0.7217888107415416,2026-01
2026-01-12 17:00:00,303.0,SNT.WA,-1.3029315960912058,2026-01
2026-01-13 17:00:00,306.0,SNT.WA,0.990099009900991,2026-01
2026-01-14 17:00:00,295.3999938964844,SNT.WA,-3.4640542821946507,2026-01
2026-01-15 17:00:00,294.20001220703125,SNT.WA,-0.4062226520809009,2026-01
2026-01-16 17:00:00,300.0,SNT.WA,1.9714437635329762,2026-01
2026-01-19 17:00:00,298.3999938964844,SNT.WA,-0.5333353678385389,2026-01
2026-01-20 17:00:00,300.0,SNT.WA,0.5361950858721043,2026-01
2026-01-21 17:00:00,299.79998779296875,SNT.WA,-0.06667073567708792,2026-01
2026-01-22 17:00:00,297.6000061035156,SNT.WA,-0.7338164706572115,2026-01
2026-01-23 17:00:00,298.0,SNT.WA,0.13440654848146938,2026-01
2026-01-26 17:00:00,302.3999938964844,SNT.WA,1.4765080189544921,2026-01
2026-01-27 17:00:00,303.20001220703125,SNT.WA,0.2645563249649818,2026-01
2026-01-28 17:00:00,297.79998779296875,SNT.WA,-1.781010618949197,2026-01
2026-01-29 17:00:00,296.79998779296875,SNT.WA,-0.33579584989613664,2026-01
2026-01-30 17:00:00,295.0,SNT.WA,-0.6064649147574541,2026-01
2026-02-02 17:00:00,302.79998779296875,SNT.WA,2.6440636586334776,2026-02
2026-02-03 17:00:00,302.0,SNT.WA,-0.26419677186899637,2026-02
2026-02-04 17:00:00,302.6000061035156,SNT.WA,0.19867751772040254,2026-02
2026-02-05 17:00:00,293.6000061035156,SNT.WA,-2.9742233372332505,2026-02
2026-02-06 17:00:00,299.0,SNT.WA,1.8392349401316066,2026-02
2026-02-09 17:00:00,297.6000061035156,SNT.WA,-0.4682253834395911,2026-02
2026-02-10 17:00:00,297.6000061035156,SNT.WA,0.0,2026-02
2026-02-11 17:00:00,300.20001220703125,SNT.WA,0.8736579469730499,2026-02
2026-02-12 17:00:00,299.3999938964844,SNT.WA,-0.2664950959412882,2026-02
2026-02-13 17:00:00,296.0,SNT.WA,-1.1356025269859904,2026-02
2026-02-16 17:00:00,297.0,SNT.WA,0.33783783783782884,2026-02
2026-02-17 17:00:00,295.6000061035156,SNT.WA,-0.4713784163247081,2026-02
2026-02-18 17:00:00,301.0,SNT.WA,1.8267908609559846,2026-02
2026-02-19 17:00:00,298.0,SNT.WA,-0.9966777408637828,2026-02
2026-02-20 17:00:00,296.3999938964844,SNT.WA,-0.5369147998374624,2026-02
2026-02-23 17:00:00,296.79998779296875,SNT.WA,0.13495071009483883,2026-02
2026-02-24 17:00:00,299.3999938964844,SNT.WA,0.8760128741410966,2026-02
2026-02-25 17:00:00,295.0,SNT.WA,-1.469603869800229,2026-02
2026-02-26 17:00:00,296.79998779296875,SNT.WA,0.6101653535487195,2026-02
2026-02-27 17:00:00,300.0,SNT.WA,1.0781712731280146,2026-02
2026-03-02 17:00:00,298.6000061035156,SNT.WA,-0.46666463216146203,2026-03
2026-03-03 17:00:00,287.3999938964844,SNT.WA,-3.7508412518747702,2026-03
2026-03-04 17:00:00,296.0,SNT.WA,2.9923473507842857,2026-03
2026-03-05 17:00:00,290.0,SNT.WA,-2.0270270270270285,2026-03
2026-03-06 17:00:00,280.0,SNT.WA,-3.4482758620689613,2026-03
2026-03-09 17:00:00,279.0,SNT.WA,-0.3571428571428559,2026-03
2026-03-10 17:00:00,287.6000061035156,SNT.WA,3.0824394636256747,2026-03
2026-03-11 17:00:00,284.0,SNT.WA,-1.2517406213892301,2026-03
2026-03-12 17:00:00,277.20001220703125,SNT.WA,-2.394361898932662,2026-03
2026-03-13 17:00:00,270.0,SNT.WA,-2.5974068867117506,2026-03
2026-03-16 17:00:00,269.6000061035156,SNT.WA,-0.14814588758680358,2026-03
2026-03-17 17:00:00,269.79998779296875,SNT.WA,0.07417718283595498,2026-03
2026-03-18 17:00:00,274.6000061035156,SNT.WA,1.779102493596163,2026-03
2026-03-19 17:00:00,269.0,SNT.WA,-2.0393321118152508,2026-03
2026-03-20 17:00:00,267.6000061035156,SNT.WA,-0.5204438276893542,2026-03
2026-03-23 17:00:00,271.20001220703125,SNT.WA,1.345293729972119,2026-03
2026-03-24 17:00:00,269.79998779296875,SNT.WA,-0.5162331677897369,2026-03
2026-03-25 17:00:00,271.6000061035156,SNT.WA,0.6671676767932677,2026-03
2026-03-26 17:00:00,270.3999938964844,SNT.WA,-0.4418306995817578,2026-03
2026-03-27 17:00:00,268.20001220703125,SNT.WA,-0.8136027141684488,2026-03
2026-03-30 17:00:00,273.0,SNT.WA,1.7897045393359345,2026-03
2026-03-31 17:00:00,293.20001220703125,SNT.WA,7.399271870707413,2026-03
2026-04-01 17:00:00,299.20001220703125,SNT.WA,2.0463846351286508,2026-04
2026-04-02 17:00:00,282.79998779296875,SNT.WA,-5.481291358609475,2026-04
2026-04-07 17:00:00,284.20001220703125,SNT.WA,0.49505815929788977,2026-04
2026-04-08 17:00:00,296.6000061035156,SNT.WA,4.36312222515014,2026-04
2026-04-09 17:00:00,295.6000061035156,SNT.WA,-0.33715440978480116,2026-04
2026-04-10 17:00:00,301.79998779296875,SNT.WA,2.0974227203777396,2026-04
2026-04-13 17:00:00,304.0,SNT.WA,0.7289636501047303,2026-04
2026-04-14 17:00:00,301.20001220703125,SNT.WA,-0.9210486161081444,2026-04
2026-04-15 17:00:00,300.79998779296875,SNT.WA,-0.13281022504990636,2026-04
2026-04-16 17:00:00,298.6000061035156,SNT.WA,-0.7313769211211851,2026-04
2026-04-17 17:00:00,303.0,SNT.WA,1.4735411274436006,2026-04
2026-04-20 17:00:00,298.0,SNT.WA,-1.650165016501648,2026-04
2026-04-21 17:00:00,292.0,SNT.WA,-2.0134228187919434,2026-04
2026-04-22 17:00:00,292.3999938964844,SNT.WA,0.13698421112477988,2026-04
2026-04-23 17:00:00,288.20001220703125,SNT.WA,-1.4363822767178291,2026-04
2026-04-24 17:00:00,288.79998779296875,SNT.WA,0.20818027776712267,2026-04
2026-04-27 17:00:00,288.0,SNT.WA,-0.2770040951463715,2026-04
2026-04-28 17:00:00,283.3999938964844,SNT.WA,-1.5972243414984821,2026-04
2026-04-29 17:00:00,286.3999938964844,SNT.WA,1.0585744758681237,2026-04
2026-04-30 17:00:00,287.20001220703125,SNT.WA,0.27933600823888405,2026-04
2026-05-04 17:00:00,289.3999938964844,SNT.WA,0.7660103049951239,2026-05
2026-05-05 17:00:00,284.0,SNT.WA,-1.8659274396584435,2026-05
2026-05-06 17:00:00,283.6000061035156,SNT.WA,-0.1408429212973128,2026-05
2026-05-07 17:00:00,283.79998779296875,SNT.WA,0.07051540379026111,2026-05
2026-05-08 17:00:00,282.6000061035156,SNT.WA,-0.4228265472402071,2026-05
2026-05-11 17:00:00,285.0,SNT.WA,0.8492547220983582,2026-05
2026-05-12 17:00:00,280.79998779296875,SNT.WA,-1.47368849369518,2026-05
2026-05-13 17:00:00,281.79998779296875,SNT.WA,0.35612537160696345,2026-05
2026-05-14 17:00:00,279.0,SNT.WA,-0.9936082023629611,2026-05
2026-05-15 17:00:00,279.79998779296875,SNT.WA,0.2867339759744514,2026-05
2026-05-18 17:00:00,284.20001220703125,SNT.WA,1.5725606168782935,2026-05
2026-05-19 17:00:00,277.20001220703125,SNT.WA,-2.463054081398386,2026-05
2026-05-20 17:00:00,282.0,SNT.WA,1.7315972516566136,2026-05
2026-05-21 17:00:00,285.3999938964844,SNT.WA,1.2056715944980034,2026-05
2026-05-22 17:00:00,282.6000061035156,SNT.WA,-0.9810749309210998,2026-05
2026-05-25 17:00:00,286.3999938964844,SNT.WA,1.3446524100841017,2026-05
2026-05-26 17:00:00,278.79998779296875,SNT.WA,-2.653633472583994,2026-05
2026-05-27 17:00:00,273.0,SNT.WA,-2.080340045522422,2026-05
2026-05-28 17:00:00,273.79998779296875,SNT.WA,0.29303582160027375,2026-05
2026-05-29 17:00:00,272.6000061035156,SNT.WA,-0.4382694459287073,2026-05
2026-06-01 17:00:00,271.0,SNT.WA,-0.586942798126,2026-06
2026-06-02 17:00:00,271.20001220703125,SNT.WA,0.07380524244695597,2026-06
2026-06-03 17:00:00,273.79998779296875,SNT.WA,0.9586930195094157,2026-06
2026-06-05 17:00:00,278.0,SNT.WA,1.5339709255966172,2026-06
2026-06-08 17:00:00,279.0,SNT.WA,0.3597122302158251,2026-06
2026-06-09 17:00:00,282.79998779296875,SNT.WA,1.3620027931787737,2026-06
2026-06-10 17:00:00,279.20001220703125,SNT.WA,-1.2729758632708865,2026-06
2026-06-11 17:00:00,276.79998779296875,SNT.WA,-0.8596075605766251,2026-06
2026-06-12 17:00:00,292.6000061035156,SNT.WA,5.7080993523614065,2026-06
2026-06-15 17:00:00,300.79998779296875,SNT.WA,2.8024543808629065,2026-06
2026-06-16 17:00:00,319.0,SNT.WA,6.050536218624369,2026-06
2026-06-17 17:00:00,293.0,SNT.WA,-8.150470219435736,2026-06
2026-06-18 17:00:00,296.3999938964844,SNT.WA,1.1604074732028513,2026-06
2026-06-19 17:00:00,296.79998779296875,SNT.WA,0.13495071009483883,2026-06
2026-06-22 17:00:00,307.0,SNT.WA,3.436661936167673,2026-06
2026-06-23 17:00:00,309.0,SNT.WA,0.6514657980456029,2026-06
2026-06-24 17:00:00,311.0,SNT.WA,0.6472491909385036,2026-06
2026-06-25 17:00:00,313.0,SNT.WA,0.6430868167202508,2026-06
2026-06-26 17:00:00,320.6000061035156,SNT.WA,2.4281169659794433,2026-06
2026-06-29 17:00:00,327.79998779296875,SNT.WA,2.2457833912605585,2026-06
2026-06-30 17:00:00,333.0,SNT.WA,1.5863369129578642,2026-06
2026-07-01 17:00:00,353.0,SNT.WA,6.006006006006004,2026-07
2026-07-02 17:00:00,349.0,SNT.WA,-1.1331444759206777,2026-07
2026-07-03 17:00:00,361.3999938964844,SNT.WA,3.5530068471302023,2026-07
2026-07-06 17:00:00,360.0,SNT.WA,-0.3873807194599399,2026-07
2026-07-07 17:00:00,376.3999938964844,SNT.WA,4.5555538601345535,2026-07
2026-07-08 17:00:00,381.7999877929688,SNT.WA,1.4346423974622935,2026-07
2026-07-09 17:00:00,374.2000122070313,SNT.WA,-1.990564648749693,2026-07
2026-07-10 17:00:00,384.6000061035156,SNT.WA,2.77926070476191,2026-07
2026-07-13 17:00:00,383.0,SNT.WA,-0.4160182210410479,2026-07
2026-07-14 17:00:00,392.3999938964844,SNT.WA,2.4543065003875597,2026-07
2026-07-15 17:00:00,394.0,SNT.WA,0.407748758512394,2026-07
2026-07-16 17:00:00,391.0,SNT.WA,-0.761421319796951,2026-07
2026-07-17 17:00:00,386.0,SNT.WA,-1.2787723785166238,2026-07
2026-07-20 17:00:00,374.2000122070313,SNT.WA,-3.0569916562095067,2026-07
2026-07-21 17:00:00,367.3999938964844,SNT.WA,-1.8172148820734702,2026-07
2026-07-22 17:00:00,372.0,SNT.WA,1.2520430538743188,2026-07
2026-07-23 17:00:00,363.0,SNT.WA,-2.4193548387096753,2026-07
2026-07-24 17:00:00,360.0,SNT.WA,-0.8264462809917328,2026-07
2026-07-27 17:00:00,366.3999938964844,SNT.WA,1.7777760823567634,2026-07
2026-07-28 17:00:00,362.6000061035156,SNT.WA,-1.0371145895931244,2026-07
2026-07-29 17:00:00,358.3999938964844,SNT.WA,-1.1583045053320307,2026-07
2026-07-30 17:00:00,361.2000122070313,SNT.WA,0.7812551222742714,2026-07
2026-07-31 17:00:00,362.0,SNT.WA,0.2214805553522936,2026-07
2026-08-03 17:00:00,364.0,SNT.WA,0.5524861878453136,2026-08
2026-08-04 17:00:00,368.0,SNT.WA,1.098901098901095,2026-08
2026-08-05 17:00:00,373.6000061035156,SNT.WA,1.5217407889988044,2026-08
2026-08-06 17:00:00,360.0,SNT.WA,-3.6402585335470805,2026-08
2026-08-07 17:00:00,359.0,SNT.WA,-0.2777777777777768,2026-08
2026-08-10 17:00:00,368.7999877929688,SNT.WA,2.729801613640337,2026-08
2026-08-11 17:00:00,366.2000122070313,SNT.WA,-0.7049825574823587,2026-08
2026-08-12 17:00:00,361.6000061035156,SNT.WA,-1.2561458083499621,2026-08
2026-08-13 17:00:00,362.0,SNT.WA,0.11061777924026295,2026-08
2026-08-14 17:00:00,360.3999938964844,SNT.WA,-0.4419906363302806,2026-08
2026-08-17 17:00:00,354.3999938964844,SNT.WA,-1.664816898338617,2026-08
2026-08-18 17:00:00,357.20001220703125,SNT.WA,0.7900729003298856,2026-08
2026-08-19 17:00:00,358.79998779296875,SNT.WA,0.4479214813156718,2026-08
2026-08-20 17:00:00,357.0,SNT.WA,-0.5016688556877424,2026-08
2026-08-21 17:00:00,355.6000061035156,SNT.WA,-0.39215515307685633,2026-08
2026-08-24 17:00:00,338.0,SNT.WA,-4.949382958782134,2026-08
2026-08-25 17:00:00,338.3999938964844,SNT.WA,0.11834138949242679,2026-08
2026-08-26 17:00:00,335.79998779296875,SNT.WA,-0.7683233304995207,2026-08
2026-08-27 17:00:00,337.3999938964844,SNT.WA,0.476475926646569,2026-08
2026-08-28 17:00:00,335.0,SNT.WA,-0.7113200770302086,2026-08
2026-08-31 17:00:00,335.0,SNT.WA,0.0,2026-08
2026-09-01 17:00:00,329.6000061035156,SNT.WA,-1.6119384765625022,2026-09
2026-09-02 17:00:00,324.79998779296875,SNT.WA,-1.45631620802803,2026-09
2026-09-03 17:00:00,323.20001220703125,SNT.WA,-0.4926033393071849,2026-09
2023-08-14 17:00:00,37.93999862670898,XTB.WA,,2023-08
2023-08-16 17:00:00,37.09999847412109,XTB.WA,-2.2140226225431325,2023-08
2023-08-17 17:00:00,37.58000183105469,XTB.WA,1.2938096406349686,2023-08
2023-08-18 17:00:00,37.619998931884766,XTB.WA,0.10643187568188939,2023-08
2023-08-21 17:00:00,34.34000015258789,XTB.WA,-8.718763616223601,2023-08
2023-08-22 17:00:00,34.540000915527344,XTB.WA,0.5824134014291271,2023-08
2023-08-23 17:00:00,34.29999923706055,XTB.WA,-0.6948513957881985,2023-08
2023-08-24 17:00:00,33.13999938964844,XTB.WA,-3.381923828612654,2023-08
2023-08-25 17:00:00,33.86000061035156,XTB.WA,2.172604809787737,2023-08
2023-08-28 17:00:00,33.63999938964844,XTB.WA,-0.6497377930816284,2023-08
2023-08-29 17:00:00,32.81999969482422,XTB.WA,-2.4375734533352733,2023-08
2023-08-30 17:00:00,32.97999954223633,XTB.WA,0.48750715691610047,2023-08
2023-08-31 17:00:00,33.119998931884766,XTB.WA,0.4244978520061782,2023-08
2023-09-01 17:00:00,32.959999084472656,XTB.WA,-0.4830913423070071,2023-09
2023-09-04 17:00:00,32.68000030517578,XTB.WA,-0.849510883114013,2023-09
2023-09-05 17:00:00,32.65999984741211,XTB.WA,-0.06120091057802979,2023-09
2023-09-06 17:00:00,32.02000045776367,XTB.WA,-1.9595817288381001,2023-09
2023-09-07 17:00:00,31.0,XTB.WA,-3.1855104409168056,2023-09
2023-09-08 17:00:00,32.2599983215332,XTB.WA,4.064510714623237,2023-09
2023-09-11 17:00:00,31.399999618530277,XTB.WA,-2.665836167849045,2023-09
2023-09-12 17:00:00,32.34000015258789,XTB.WA,2.993632310437633,2023-09
2023-09-13 17:00:00,32.15999984741211,XTB.WA,-0.556587211893933,2023-09
2023-09-14 17:00:00,31.780000686645508,XTB.WA,-1.1815894358506385,2023-09
2023-09-15 17:00:00,31.68000030517578,XTB.WA,-0.31466450380458477,2023-09
2023-09-18 17:00:00,31.6200008392334,XTB.WA,-0.1893922517815727,2023-09
2023-09-19 17:00:00,32.20000076293945,XTB.WA,1.8342818099688518,2023-09
2023-09-20 17:00:00,32.84000015258789,XTB.WA,1.9875756971566405,2023-09
2023-09-21 17:00:00,32.13999938964844,XTB.WA,-2.131549207329375,2023-09
2023-09-22 17:00:00,31.940000534057617,XTB.WA,-0.6222739868975702,2023-09
2023-09-25 17:00:00,31.100000381469727,XTB.WA,-2.629931554610332,2023-09
2023-09-26 17:00:00,31.0,XTB.WA,-0.3215446310068537,2023-09
2023-09-27 17:00:00,30.100000381469727,XTB.WA,-2.9032245759041064,2023-09
2023-09-28 17:00:00,30.26000022888184,XTB.WA,0.531560948120835,2023-09
2023-09-29 17:00:00,30.700000762939453,XTB.WA,1.4540665258741647,2023-09
2023-10-02 17:00:00,30.36000061035156,XTB.WA,-1.1074923261837122,2023-10
2023-10-03 17:00:00,30.200000762939453,XTB.WA,-0.5270087094713438,2023-10
2023-10-04 17:00:00,30.959999084472656,XTB.WA,2.5165506699782902,2023-10
2023-10-05 17:00:00,29.86000061035156,XTB.WA,-3.5529667527437914,2023-10
2023-10-06 17:00:00,30.059999465942383,XTB.WA,0.669788518093628,2023-10
2023-10-09 17:00:00,29.6200008392334,XTB.WA,-1.4637346457956446,2023-10
2023-10-10 17:00:00,30.8799991607666,XTB.WA,4.253876724622718,2023-10
2023-10-11 17:00:00,31.5,XTB.WA,2.007774793015926,2023-10
2023-10-12 17:00:00,31.739999771118164,XTB.WA,0.7619040352957684,2023-10
2023-10-13 17:00:00,32.119998931884766,XTB.WA,1.197224837765698,2023-10
2023-10-16 17:00:00,32.20000076293945,XTB.WA,0.24907171144166185,2023-10
2023-10-17 17:00:00,32.939998626708984,XTB.WA,2.298129957255246,2023-10
2023-10-18 17:00:00,32.68000030517578,XTB.WA,-0.7893088414472116,2023-10
2023-10-19 17:00:00,32.34000015258789,XTB.WA,-1.0403921340662925,2023-10
2023-10-20 17:00:00,31.940000534057617,XTB.WA,-1.2368571943196627,2023-10
2023-10-23 17:00:00,32.0,XTB.WA,0.18785054771182086,2023-10
2023-10-24 17:00:00,32.84000015258789,XTB.WA,2.625000476837158,2023-10
2023-10-25 17:00:00,32.880001068115234,XTB.WA,0.12180546693509875,2023-10
2023-10-26 17:00:00,32.81999969482422,XTB.WA,-0.18248592257255059,2023-10
2023-10-27 17:00:00,32.13999938964844,XTB.WA,-2.0719083226652724,2023-10
2023-10-30 17:00:00,33.34000015258789,XTB.WA,3.7336676593900275,2023-10
2023-10-31 17:00:00,32.720001220703125,XTB.WA,-1.8596248621691736,2023-10
2023-11-02 17:00:00,34.02000045776367,XTB.WA,3.973102654525551,2023-11
2023-11-03 17:00:00,34.31999969482422,XTB.WA,0.8818319606814784,2023-11
2023-11-06 17:00:00,34.91999816894531,XTB.WA,1.748247317763174,2023-11
2023-11-07 17:00:00,35.63999938964844,XTB.WA,2.0618592739315433,2023-11
2023-11-08 17:00:00,34.68000030517578,XTB.WA,-2.693600170912136,2023-11
2023-11-09 17:00:00,35.060001373291016,XTB.WA,1.0957354808861508,2023-11
2023-11-10 17:00:00,34.97999954223633,XTB.WA,-0.22818547610107265,2023-11
2023-11-13 17:00:00,34.040000915527344,XTB.WA,-2.6872459662956594,2023-11
2023-11-14 17:00:00,35.119998931884766,XTB.WA,3.1727320426268912,2023-11
2023-11-15 17:00:00,34.459999084472656,XTB.WA,-1.8792706932940995,2023-11
2023-11-16 17:00:00,34.02000045776367,XTB.WA,-1.276838764941357,2023-11
2023-11-17 17:00:00,34.36000061035156,XTB.WA,0.9994125455994762,2023-11
2023-11-20 17:00:00,35.060001373291016,XTB.WA,2.0372548035652915,2023-11
2023-11-21 17:00:00,34.91999816894531,XTB.WA,-0.39932458317688546,2023-11
2023-11-22 17:00:00,35.0,XTB.WA,0.22910033003906705,2023-11
2023-11-23 17:00:00,34.2599983215332,XTB.WA,-2.114290509905137,2023-11
2023-11-24 17:00:00,34.41999816894531,XTB.WA,0.46701650686171714,2023-11
2023-11-27 17:00:00,34.099998474121094,XTB.WA,-0.9296912023456505,2023-11
2023-11-28 17:00:00,34.099998474121094,XTB.WA,0.0,2023-11
2023-11-29 17:00:00,33.900001525878906,XTB.WA,-0.5865013407374997,2023-11
2023-11-30 17:00:00,33.31999969482422,XTB.WA,-1.7109197786080332,2023-11
2023-12-01 17:00:00,34.13999938964844,XTB.WA,2.4609835004038016,2023-12
2023-12-04 17:00:00,34.79999923706055,XTB.WA,1.9332157563313412,2023-12
2023-12-05 17:00:00,34.79999923706055,XTB.WA,0.0,2023-12
2023-12-06 17:00:00,34.29999923706055,XTB.WA,-1.436781640694751,2023-12
2023-12-07 17:00:00,34.060001373291016,XTB.WA,-0.6997022422968957,2023-12
2023-12-08 17:00:00,35.099998474121094,XTB.WA,3.0534264794411126,2023-12
2023-12-11 17:00:00,35.599998474121094,XTB.WA,1.4245014864278316,2023-12
2023-12-12 17:00:00,35.29999923706055,XTB.WA,-0.8426945222445026,2023-12
2023-12-13 17:00:00,35.65999984741211,XTB.WA,1.0198317794114953,2023-12
2023-12-14 17:00:00,36.58000183105469,XTB.WA,2.5799270543444663,2023-12
2023-12-15 17:00:00,36.84000015258789,XTB.WA,0.7107662890067923,2023-12
2023-12-18 17:00:00,36.79999923706055,XTB.WA,-0.1085801177026724,2023-12
2023-12-19 17:00:00,37.63999938964844,XTB.WA,2.2826091576163554,2023-12
2023-12-20 17:00:00,38.5,XTB.WA,2.2848050592372715,2023-12
2023-12-21 17:00:00,38.81999969482422,XTB.WA,0.8311680385044706,2023-12
2023-12-22 17:00:00,38.459999084472656,XTB.WA,-0.9273586120083332,2023-12
2023-12-27 17:00:00,38.41999816894531,XTB.WA,-0.10400654310855906,2023-12
2023-12-28 17:00:00,38.41999816894531,XTB.WA,0.0,2023-12
2023-12-29 17:00:00,37.81999969482422,XTB.WA,-1.5616827244048892,2023-12
2024-01-02 17:00:00,38.36000061035156,XTB.WA,1.4278184026565333,2024-01
2024-01-03 17:00:00,36.91999816894531,XTB.WA,-3.7539166279826897,2024-01
2024-01-04 17:00:00,37.34000015258789,XTB.WA,1.1376002287991849,2024-01
2024-01-05 17:00:00,37.93999862670898,XTB.WA,1.6068518255737185,2024-01
2024-01-08 17:00:00,39.220001220703125,XTB.WA,3.3737549824080615,2024-01
2024-01-09 17:00:00,39.43999862670898,XTB.WA,0.5609316653711005,2024-01
2024-01-10 17:00:00,38.5,XTB.WA,-2.383363740972355,2024-01
2024-01-11 17:00:00,38.540000915527344,XTB.WA,0.10389848188920858,2024-01
2024-01-12 17:00:00,38.720001220703125,XTB.WA,0.46704800441055294,2024-01
2024-01-15 17:00:00,38.79999923706055,XTB.WA,0.20660644069052658,2024-01
2024-01-16 17:00:00,39.31999969482422,XTB.WA,1.3402073917233137,2024-01
2024-01-17 17:00:00,38.41999816894531,XTB.WA,-2.2889153938558504,2024-01
2024-01-18 17:00:00,39.08000183105469,XTB.WA,1.7178648973566357,2024-01
2024-01-19 17:00:00,38.880001068115234,XTB.WA,-0.51177265498622,2024-01
2024-01-22 17:00:00,38.81999969482422,XTB.WA,-0.15432451554180382,2024-01
2024-01-23 17:00:00,38.81999969482422,XTB.WA,0.0,2024-01
2024-01-24 17:00:00,39.7599983215332,XTB.WA,2.4214287328660378,2024-01
2024-01-25 17:00:00,39.34000015258789,XTB.WA,-1.0563334674937641,2024-01
2024-01-26 17:00:00,39.27999877929688,XTB.WA,-0.15252001285785965,2024-01
2024-01-29 17:00:00,39.43999862670898,XTB.WA,0.4073315997566329,2024-01
2024-01-30 17:00:00,39.400001525878906,XTB.WA,-0.1014125309907743,2024-01
2024-01-31 17:00:00,45.15999984741211,XTB.WA,14.619284513859455,2024-01
2024-02-01 17:00:00,45.09999847412109,XTB.WA,-0.1328639802784748,2024-02
2024-02-02 17:00:00,45.70000076293945,XTB.WA,1.3303820601294536,2024-02
2024-02-05 17:00:00,46.77999877929688,XTB.WA,2.363234132007408,2024-02
2024-02-06 17:00:00,42.91999816894531,XTB.WA,-8.251391002728848,2024-02
2024-02-07 17:00:00,43.09999847412109,XTB.WA,0.4193856310693356,2024-02
2024-02-08 17:00:00,42.86000061035156,XTB.WA,-0.5568396108264984,2024-02
2024-02-09 17:00:00,42.47999954223633,XTB.WA,-0.8866100389729237,2024-02
2024-02-12 17:00:00,42.720001220703125,XTB.WA,0.5649757086936269,2024-02
2024-02-13 17:00:00,42.29999923706055,XTB.WA,-0.9831506826807779,2024-02
2024-02-14 17:00:00,43.09999847412109,XTB.WA,1.8912511855547098,2024-02
2024-02-15 17:00:00,45.79999923706055,XTB.WA,6.2645031520375705,2024-02
2024-02-16 17:00:00,46.81999969482422,XTB.WA,2.227075272390633,2024-02
2024-02-19 17:00:00,47.220001220703125,XTB.WA,0.8543390185522082,2024-02
2024-02-20 17:00:00,47.08000183105469,XTB.WA,-0.29648324021444017,2024-02
2024-02-21 17:00:00,46.41999816894531,XTB.WA,-1.4018768828382377,2024-02
2024-02-22 17:00:00,46.59999847412109,XTB.WA,0.38776456759146427,2024-02
2024-02-23 17:00:00,46.47999954223633,XTB.WA,-0.2575084459528476,2024-02
2024-02-26 17:00:00,46.93999862670898,XTB.WA,0.9896710176484635,2024-02
2024-02-27 17:00:00,47.619998931884766,XTB.WA,1.4486585536218177,2024-02
2024-02-28 17:00:00,47.79999923706055,XTB.WA,0.37799308948589516,2024-02
2024-02-29 17:00:00,48.220001220703125,XTB.WA,0.8786652517704274,2024-02
2024-03-01 17:00:00,49.31999969482422,XTB.WA,2.281207893559345,2024-03
2024-03-04 17:00:00,49.5,XTB.WA,0.36496412467470485,2024-03
2024-03-05 17:00:00,50.650001525878906,XTB.WA,2.323235405815982,2024-03
2024-03-06 17:00:00,51.75,XTB.WA,2.1717639506073194,2024-03
2024-03-07 17:00:00,52.150001525878906,XTB.WA,0.7729498084616537,2024-03
2024-03-08 17:00:00,52.29999923706055,XTB.WA,0.2876274339267404,2024-03
2024-03-11 17:00:00,51.29999923706055,XTB.WA,-1.9120459169937876,2024-03
2024-03-12 17:00:00,52.900001525878906,XTB.WA,3.1189128900853236,2024-03
2024-03-13 17:00:00,52.900001525878906,XTB.WA,0.0,2024-03
2024-03-14 17:00:00,54.04999923706055,XTB.WA,2.173908654083978,2024-03
2024-03-15 17:00:00,55.0,XTB.WA,1.7576332587402987,2024-03
2024-03-18 17:00:00,53.5,XTB.WA,-2.7272727272727226,2024-03
2024-03-19 17:00:00,54.34999847412109,XTB.WA,1.588782194618843,2024-03
2024-03-20 17:00:00,52.79999923706055,XTB.WA,-2.8518846008773635,2024-03
2024-03-21 17:00:00,53.400001525878906,XTB.WA,1.1363679876669641,2024-03
2024-03-22 17:00:00,53.900001525878906,XTB.WA,0.9363295612598188,2024-03
2024-03-25 17:00:00,53.84999847412109,XTB.WA,-0.09277003774074144,2024-03
2024-03-26 17:00:00,54.34999847412109,XTB.WA,0.9285051330879535,2024-03
2024-03-27 17:00:00,57.09999847412109,XTB.WA,5.059797750149753,2024-03
2024-03-28 17:00:00,54.70000076293945,XTB.WA,-4.203148468155149,2024-03
2024-04-02 17:00:00,56.77999877929688,XTB.WA,3.8025557355507056,2024-04
2024-04-03 17:00:00,56.5,XTB.WA,-0.493129245009738,2024-04
2024-04-04 17:00:00,57.7599983215332,XTB.WA,2.2300855248375218,2024-04
2024-04-05 17:00:00,57.0,XTB.WA,-1.315786605987268,2024-04
2024-04-08 17:00:00,56.86000061035156,XTB.WA,-0.24561296429550517,2024-04
2024-04-09 17:00:00,56.47999954223633,XTB.WA,-0.6683099965462458,2024-04
2024-04-10 17:00:00,57.880001068115234,XTB.WA,2.47875626279348,2024-04
2024-04-11 17:00:00,56.93999862670898,XTB.WA,-1.6240539461981451,2024-04
2024-04-12 17:00:00,58.47999954223633,XTB.WA,2.70460300784936,2024-04
2024-04-15 17:00:00,60.20000076293945,XTB.WA,2.9411785809965396,2024-04
2024-04-16 17:00:00,59.08000183105469,XTB.WA,-1.8604633184228558,2024-04
2024-04-17 17:00:00,60.400001525878906,XTB.WA,2.234258046570292,2024-04
2024-04-18 17:00:00,61.20000076293945,XTB.WA,1.3245020146527287,2024-04
2024-04-19 17:00:00,58.59999847412109,XTB.WA,-4.248369700009603,2024-04
2024-04-22 17:00:00,59.119998931884766,XTB.WA,0.8873728179247697,2024-04
2024-04-23 17:00:00,61.02000045776367,XTB.WA,3.2138050747734237,2024-04
2024-04-24 17:00:00,61.43999862670898,XTB.WA,0.6882959124787646,2024-04
2024-04-25 17:00:00,61.79999923706055,XTB.WA,0.5859385065074996,2024-04
2024-04-26 17:00:00,62.77999877929688,XTB.WA,1.5857597966581372,2024-04
2024-04-29 17:00:00,62.29999923706055,XTB.WA,-0.7645739910314031,2024-04
2024-04-30 17:00:00,63.58000183105469,XTB.WA,2.054578827719644,2024-04
2024-05-02 17:00:00,60.2599983215332,XTB.WA,-5.221773220993963,2024-05
2024-05-06 17:00:00,65.23999786376953,XTB.WA,8.264187986969773,2024-05
2024-05-07 17:00:00,66.0999984741211,XTB.WA,1.318210666020203,2024-05
2024-05-08 17:00:00,67.0,XTB.WA,1.3615757135475137,2024-05
2024-05-09 17:00:00,67.5199966430664,XTB.WA,0.7761143926364289,2024-05
2024-05-10 17:00:00,66.73999786376953,XTB.WA,-1.1552115196631463,2024-05
2024-05-13 17:00:00,68.44000244140625,XTB.WA,2.547205022551524,2024-05
2024-05-14 17:00:00,69.0,XTB.WA,0.8182313539120356,2024-05
2024-05-15 17:00:00,71.30000305175781,XTB.WA,3.333337756170751,2024-05
2024-05-16 17:00:00,71.0,XTB.WA,-0.42076162540980455,2024-05
2024-05-17 17:00:00,72.0,XTB.WA,1.4084507042253502,2024-05
2024-05-20 17:00:00,73.0999984741211,XTB.WA,1.527775658501529,2024-05
2024-05-21 17:00:00,72.95999908447266,XTB.WA,-0.19151763689571055,2024-05
2024-05-22 17:00:00,74.05999755859375,XTB.WA,1.5076733661242514,2024-05
2024-05-23 17:00:00,75.0,XTB.WA,1.269244494185351,2024-05
2024-05-24 17:00:00,75.08000183105469,XTB.WA,0.10666910807290986,2024-05
2024-05-27 17:00:00,74.0999984741211,XTB.WA,-1.3052788133101068,2024-05
2024-05-28 17:00:00,72.0,XTB.WA,-2.8340060963084945,2024-05
2024-05-29 17:00:00,70.81999969482422,XTB.WA,-1.6388893127441406,2024-05
2024-05-31 17:00:00,66.0999984741211,XTB.WA,-6.664785711723297,2024-05
2024-06-03 17:00:00,65.77999877929688,XTB.WA,-0.4841145267945879,2024-06
2024-06-04 17:00:00,64.30000305175781,XTB.WA,-2.2499175357310386,2024-06
2024-06-05 17:00:00,66.19999694824219,XTB.WA,2.9548892788620718,2024-06
2024-06-06 17:00:00,65.31999969482422,XTB.WA,-1.3293010483157341,2024-06
2024-06-07 17:00:00,66.0,XTB.WA,1.0410292534487997,2024-06
2024-06-10 17:00:00,66.0,XTB.WA,0.0,2024-06
2024-06-11 17:00:00,67.16000366210938,XTB.WA,1.757581306226319,2024-06
2024-06-12 17:00:00,68.58000183105469,XTB.WA,2.1143509403148686,2024-06
2024-06-13 17:00:00,67.73999786376953,XTB.WA,-1.2248526463363052,2024-06
2024-06-14 17:00:00,66.55999755859375,XTB.WA,-1.7419550374785264,2024-06
2024-06-17 17:00:00,68.05999755859375,XTB.WA,2.2536058518925373,2024-06
2024-06-18 17:00:00,71.0,XTB.WA,4.319721638066709,2024-06
2024-06-19 17:00:00,71.86000061035156,XTB.WA,1.211268465283899,2024-06
2024-06-20 17:00:00,70.83999633789062,XTB.WA,-1.4194325964339116,2024-06
2024-06-21 17:00:00,71.12000274658203,XTB.WA,0.3952659841424122,2024-06
2024-06-24 17:00:00,71.45999908447266,XTB.WA,0.47806007418491614,2024-06
2024-06-25 17:00:00,71.0999984741211,XTB.WA,-0.50377919810215,2024-06
2024-06-26 17:00:00,69.77999877929688,XTB.WA,-1.856539695010928,2024-06
2024-06-27 17:00:00,71.9000015258789,XTB.WA,3.038123794308545,2024-06
2024-06-28 17:00:00,71.63999938964844,XTB.WA,-0.3616163153166041,2024-06
2024-07-01 17:00:00,71.19999694824219,XTB.WA,-0.6141854343312936,2024-07
2024-07-02 17:00:00,71.0,XTB.WA,-0.2808946022674341,2024-07
2024-07-03 17:00:00,69.0999984741211,XTB.WA,-2.6760584871533877,2024-07
2024-07-04 17:00:00,69.4000015258789,XTB.WA,0.43415782689224525,2024-07
2024-07-05 17:00:00,69.76000213623047,XTB.WA,0.5187328565364968,2024-07
2024-07-08 17:00:00,70.5,XTB.WA,1.0607767217730713,2024-07
2024-07-09 17:00:00,72.16000366210938,XTB.WA,2.3546151235593893,2024-07
2024-07-10 17:00:00,72.44000244140625,XTB.WA,0.3880248961848354,2024-07
2024-07-11 17:00:00,71.94000244140625,XTB.WA,-0.6902263709949841,2024-07
2024-07-12 17:00:00,72.58000183105469,XTB.WA,0.8896293688197998,2024-07
2024-07-15 17:00:00,64.0199966430664,XTB.WA,-11.793889462711093,2024-07
2024-07-16 17:00:00,61.0,XTB.WA,-4.717270855079747,2024-07
2024-07-17 17:00:00,59.619998931884766,XTB.WA,-2.2622968329757964,2024-07
2024-07-18 17:00:00,59.68000030517578,XTB.WA,0.10063967521967143,2024-07
2024-07-19 17:00:00,59.59999847412109,XTB.WA,-0.13405132480831528,2024-07
2024-07-22 17:00:00,62.29999923706055,XTB.WA,4.530202738363864,2024-07
2024-07-23 17:00:00,61.97999954223633,XTB.WA,-0.5136431761525007,2024-07
2024-07-24 17:00:00,62.84000015258789,XTB.WA,1.3875453641549518,2024-07
2024-07-25 17:00:00,62.5,XTB.WA,-0.5410568933200244,2024-07
2024-07-26 17:00:00,63.15999984741211,XTB.WA,1.0559997558593714,2024-07
2024-07-29 17:00:00,62.97999954223633,XTB.WA,-0.28499098418404145,2024-07
2024-07-30 17:00:00,62.119998931884766,XTB.WA,-1.3655138402705491,2024-07
2024-07-31 17:00:00,63.18000030517578,XTB.WA,1.7063769985786958,2024-07
2024-08-01 17:00:00,62.5,XTB.WA,-1.0762904430060227,2024-08
2024-08-02 17:00:00,60.91999816894531,XTB.WA,-2.5280029296875006,2024-08
2024-08-05 17:00:00,58.619998931884766,XTB.WA,-3.7754420653167364,2024-08
2024-08-06 17:00:00,59.77999877929688,XTB.WA,1.9788465857190074,2024-08
2024-08-07 17:00:00,60.09999847412109,XTB.WA,0.5352955860799202,2024-08
2024-08-08 17:00:00,60.70000076293945,XTB.WA,0.9983399401860549,2024-08
2024-08-09 17:00:00,60.79999923706055,XTB.WA,0.1647421299245666,2024-08
2024-08-12 17:00:00,62.5,XTB.WA,2.7960539214994196,2024-08
2024-08-13 17:00:00,64.45999908447266,XTB.WA,3.135998535156248,2024-08
2024-08-14 17:00:00,63.560001373291016,XTB.WA,-1.3962111758677231,2024-08
2024-08-16 17:00:00,66.5999984741211,XTB.WA,4.782877651270057,2024-08
2024-08-19 17:00:00,67.0999984741211,XTB.WA,0.7507507679512804,2024-08
2024-08-20 17:00:00,66.0,XTB.WA,-1.6393420255372049,2024-08
2024-08-21 17:00:00,66.77999877929688,XTB.WA,1.181816332267993,2024-08
2024-08-22 17:00:00,66.83999633789062,XTB.WA,0.08984360540651437,2024-08
2024-08-23 17:00:00,66.58000183105469,XTB.WA,-0.38898043249674386,2024-08
2024-08-26 17:00:00,65.68000030517578,XTB.WA,-1.35175953909199,2024-08
2024-08-27 17:00:00,67.4800033569336,XTB.WA,2.7405649259961473,2024-08
2024-08-28 17:00:00,68.13999938964844,XTB.WA,0.9780616477207627,2024-08
2024-08-29 17:00:00,67.45999908447266,XTB.WA,-0.9979458633207483,2024-08
2024-08-30 17:00:00,68.41999816894531,XTB.WA,1.4230641824802825,2024-08
2024-09-02 17:00:00,70.18000030517578,XTB.WA,2.572350457953254,2024-09
2024-09-03 17:00:00,68.19999694824219,XTB.WA,-2.821321385471076,2024-09
2024-09-04 17:00:00,62.400001525878906,XTB.WA,-8.504392495449775,2024-09
2024-09-05 17:00:00,62.0,XTB.WA,-0.6410280706692251,2024-09
2024-09-06 17:00:00,61.65999984741211,XTB.WA,-0.5483873428836938,2024-09
2024-09-09 17:00:00,61.20000076293945,XTB.WA,-0.7460251145167018,2024-09
2024-09-10 17:00:00,60.5,XTB.WA,-1.1437920820474012,2024-09
2024-09-11 17:00:00,60.459999084472656,XTB.WA,-0.06611721574767415,2024-09
2024-09-12 17:00:00,61.36000061035156,XTB.WA,1.4885900421888199,2024-09
2024-09-13 17:00:00,61.97999954223633,XTB.WA,1.010428496932203,2024-09
2024-09-16 17:00:00,62.43999862670898,XTB.WA,0.7421734234754007,2024-09
2024-09-17 17:00:00,62.619998931884766,XTB.WA,0.2882772407666101,2024-09
2024-09-18 17:00:00,61.81999969482422,XTB.WA,-1.2775459129770184,2024-09
2024-09-19 17:00:00,62.29999923706055,XTB.WA,0.7764470148913905,2024-09
2024-09-20 17:00:00,60.36000061035156,XTB.WA,-3.1139625208132182,2024-09
2024-09-23 17:00:00,61.41999816894531,XTB.WA,1.7561258248429468,2024-09
2024-09-24 17:00:00,61.77999877929688,XTB.WA,0.586129308179606,2024-09
2024-09-25 17:00:00,62.70000076293945,XTB.WA,1.4891583066053204,2024-09
2024-09-26 17:00:00,63.43999862670898,XTB.WA,1.1802198640592731,2024-09
2024-09-27 17:00:00,63.36000061035156,XTB.WA,-0.12610028072058688,2024-09
2024-09-30 17:00:00,61.36000061035156,XTB.WA,-3.1565656261582253,2024-09
2024-10-01 17:00:00,62.119998931884766,XTB.WA,1.238589168796378,2024-10
2024-10-02 17:00:00,61.79999923706055,XTB.WA,-0.5151315201648687,2024-10
2024-10-03 17:00:00,63.400001525878906,XTB.WA,2.589000499305616,2024-10
2024-10-04 17:00:00,63.29999923706055,XTB.WA,-0.15773231295197476,2024-10
2024-10-07 17:00:00,61.959999084472656,XTB.WA,-2.1169039000609513,2024-10
2024-10-08 17:00:00,63.5,XTB.WA,2.485476014013166,2024-10
2024-10-09 17:00:00,63.59999847412109,XTB.WA,0.15747791200171335,2024-10
2024-10-10 17:00:00,62.7599983215332,XTB.WA,-1.320754988586481,2024-10
2024-10-11 17:00:00,63.86000061035156,XTB.WA,1.7527124254892446,2024-10
2024-10-14 17:00:00,62.2599983215332,XTB.WA,-2.505484299289218,2024-10
2024-10-15 17:00:00,63.040000915527344,XTB.WA,1.2528149936110289,2024-10
2024-10-16 17:00:00,61.63999938964844,XTB.WA,-2.220814570981511,2024-10
2024-10-17 17:00:00,60.41999816894531,XTB.WA,-1.9792362634383887,2024-10
2024-10-18 17:00:00,61.060001373291016,XTB.WA,1.0592572388965271,2024-10
2024-10-21 17:00:00,64.9000015258789,XTB.WA,6.2888962761595835,2024-10
2024-10-22 17:00:00,65.0999984741211,XTB.WA,0.3081617003698245,2024-10
2024-10-23 17:00:00,64.5199966430664,XTB.WA,-0.8909398535320245,2024-10
2024-10-24 17:00:00,66.72000122070312,XTB.WA,3.409802684596297,2024-10
2024-10-25 17:00:00,64.81999969482422,XTB.WA,-2.8477240574290352,2024-10
2024-10-28 17:00:00,65.62000274658203,XTB.WA,1.2341916931877028,2024-10
2024-10-29 17:00:00,66.22000122070312,XTB.WA,0.9143530158604696,2024-10
2024-10-30 17:00:00,64.44000244140625,XTB.WA,-2.6880077717974626,2024-10
2024-10-31 17:00:00,64.9000015258789,XTB.WA,0.7138408861652623,2024-10
2024-11-04 17:00:00,67.26000213623047,XTB.WA,3.6363644913174786,2024-11
2024-11-05 17:00:00,66.4000015258789,XTB.WA,-1.2786211463533537,2024-11
2024-11-06 17:00:00,67.0999984741211,XTB.WA,1.054212247223174,2024-11
2024-11-07 17:00:00,69.44000244140625,XTB.WA,3.4873383315912276,2024-11
2024-11-08 17:00:00,68.44000244140625,XTB.WA,-1.4400921152671442,2024-11
2024-11-12 17:00:00,69.31999969482422,XTB.WA,1.285793720085504,2024-11
2024-11-13 17:00:00,69.04000091552734,XTB.WA,-0.40392207231614297,2024-11
2024-11-14 17:00:00,70.19999694824219,XTB.WA,1.6801796311302741,2024-11
2024-11-15 17:00:00,70.4000015258789,XTB.WA,0.28490681813586605,2024-11
2024-11-18 17:00:00,70.31999969482422,XTB.WA,-0.11363896210325741,2024-11
2024-11-19 17:00:00,68.58000183105469,XTB.WA,-2.4743997032434573,2024-11
2024-11-20 17:00:00,70.0,XTB.WA,2.0705717862817385,2024-11
2024-11-21 17:00:00,69.94000244140625,XTB.WA,-0.08571079799106762,2024-11
2024-11-22 17:00:00,69.95999908447266,XTB.WA,0.02859113864510654,2024-11
2024-11-25 17:00:00,70.80000305175781,XTB.WA,1.2006917928499394,2024-11
2024-11-26 17:00:00,70.80000305175781,XTB.WA,0.0,2024-11
2024-11-27 17:00:00,70.26000213623047,XTB.WA,-0.762713124648573,2024-11
2024-11-28 17:00:00,69.86000061035156,XTB.WA,-0.5693161311087436,2024-11
2024-11-29 17:00:00,70.81999969482422,XTB.WA,1.3741756027560115,2024-11
2024-12-02 17:00:00,70.33999633789062,XTB.WA,-0.6777793829455092,2024-12
2024-12-03 17:00:00,70.36000061035156,XTB.WA,0.02843939934946693,2024-12
2024-12-04 17:00:00,72.4000015258789,XTB.WA,2.899375920737568,2024-12
2024-12-05 17:00:00,73.26000213623047,XTB.WA,1.1878461218597591,2024-12
2024-12-06 17:00:00,72.9800033569336,XTB.WA,-0.38219870479420104,2024-12
2024-12-09 17:00:00,72.5,XTB.WA,-0.6577190118585929,2024-12
2024-12-10 17:00:00,71.63999938964844,XTB.WA,-1.1862077384159453,2024-12
2024-12-11 17:00:00,71.5199966430664,XTB.WA,-0.1675080228984105,2024-12
2024-12-12 17:00:00,71.19999694824219,XTB.WA,-0.4474268873658316,2024-12
2024-12-13 17:00:00,70.69999694824219,XTB.WA,-0.7022472211107966,2024-12
2024-12-16 17:00:00,70.30000305175781,XTB.WA,-0.5657622542433738,2024-12
2024-12-17 17:00:00,67.81999969482422,XTB.WA,-3.5277428865937766,2024-12
2024-12-18 17:00:00,67.95999908447266,XTB.WA,0.2064278830409938,2024-12
2024-12-19 17:00:00,67.66000366210938,XTB.WA,-0.4414294090710591,2024-12
2024-12-20 17:00:00,67.45999908447266,XTB.WA,-0.2956023748321601,2024-12
2024-12-23 17:00:00,69.54000091552734,XTB.WA,3.083311383461673,2024-12
2024-12-27 17:00:00,70.55999755859375,XTB.WA,1.4667768617165233,2024-12
2024-12-30 17:00:00,70.4000015258789,XTB.WA,-0.22675175489055288,2024-12
2025-01-02 17:00:00,72.83999633789062,XTB.WA,3.465901646486169,2025-01
2025-01-03 17:00:00,72.5,XTB.WA,-0.4667714922903743,2025-01
2025-01-07 17:00:00,76.16000366210938,XTB.WA,5.0482809132543105,2025-01
2025-01-08 17:00:00,75.44000244140625,XTB.WA,-0.945379708616445,2025-01
2025-01-09 17:00:00,75.69999694824219,XTB.WA,0.3446374581414835,2025-01
2025-01-10 17:00:00,75.5999984741211,XTB.WA,-0.13209838593449819,2025-01
2025-01-13 17:00:00,71.83999633789062,XTB.WA,-4.97354789963067,2025-01
2025-01-14 17:00:00,71.18000030517578,XTB.WA,-0.918702764975976,2025-01
2025-01-15 17:00:00,72.0,XTB.WA,1.1520085576124828,2025-01
2025-01-16 17:00:00,73.5,XTB.WA,2.083333333333326,2025-01
2025-01-17 17:00:00,75.81999969482422,XTB.WA,3.1564621698288775,2025-01
2025-01-20 17:00:00,77.45999908447266,XTB.WA,2.1630168771424874,2025-01
2025-01-21 17:00:00,77.4000015258789,XTB.WA,-0.07745618293685252,2025-01
2025-01-22 17:00:00,77.4800033569336,XTB.WA,0.10336153679264548,2025-01
2025-01-23 17:00:00,76.04000091552734,XTB.WA,-1.8585472109138523,2025-01
2025-01-24 17:00:00,76.19999694824219,XTB.WA,0.21041035085280768,2025-01
2025-01-27 17:00:00,74.4800033569336,XTB.WA,-2.2572095278125537,2025-01
2025-01-28 17:00:00,74.69999694824219,XTB.WA,0.2953726925256861,2025-01
2025-01-29 17:00:00,73.9000015258789,XTB.WA,-1.070944384264938,2025-01
2025-01-30 17:00:00,75.62000274658203,XTB.WA,2.32747115722427,2025-01
2025-01-31 17:00:00,65.5999984741211,XTB.WA,-13.2504680091589,2025-01
2025-02-03 17:00:00,64.0,XTB.WA,-2.439022120941492,2025-02
2025-02-04 17:00:00,64.58000183105469,XTB.WA,0.9062528610229492,2025-02
2025-02-05 17:00:00,64.4800033569336,XTB.WA,-0.15484433460174474,2025-02
2025-02-06 17:00:00,65.5,XTB.WA,1.581880567561611,2025-02
2025-02-07 17:00:00,64.58000183105469,XTB.WA,-1.4045773571684128,2025-02
2025-02-10 17:00:00,65.37999725341797,XTB.WA,1.2387664906794438,2025-02
2025-02-11 17:00:00,64.9000015258789,XTB.WA,-0.7341629668146998,2025-02
2025-02-12 17:00:00,63.84000015258789,XTB.WA,-1.6332840498753165,2025-02
2025-02-13 17:00:00,65.80000305175781,XTB.WA,3.070179972564535,2025-02
2025-02-14 17:00:00,67.5,XTB.WA,2.5835818683852985,2025-02
2025-02-17 17:00:00,68.5,XTB.WA,1.4814814814814836,2025-02
2025-02-18 17:00:00,68.66000366210938,XTB.WA,0.23358198848084655,2025-02
2025-02-19 17:00:00,68.9000015258789,XTB.WA,0.34954536989337814,2025-02
2025-02-20 17:00:00,68.26000213623047,XTB.WA,-0.9288815318937993,2025-02
2025-02-21 17:00:00,68.0999984741211,XTB.WA,-0.23440324802517232,2025-02
2025-02-24 17:00:00,67.13999938964844,XTB.WA,-1.4096903171553987,2025-02
2025-02-25 17:00:00,65.72000122070312,XTB.WA,-2.1149809083320426,2025-02
2025-02-26 17:00:00,67.0,XTB.WA,1.9476548318956066,2025-02
2025-02-27 17:00:00,66.04000091552734,XTB.WA,-1.4328344544368044,2025-02
2025-02-28 17:00:00,66.0,XTB.WA,-0.06057073739067498,2025-02
2025-03-03 17:00:00,66.18000030517578,XTB.WA,0.2727277351148194,2025-03
2025-03-04 17:00:00,63.02000045776367,XTB.WA,-4.774856199517085,2025-03
2025-03-05 17:00:00,65.0,XTB.WA,3.141858977870582,2025-03
2025-03-06 17:00:00,64.91999816894531,XTB.WA,-0.12307974008413103,2025-03
2025-03-07 17:00:00,64.9800033569336,XTB.WA,0.0924294357373956,2025-03
2025-03-10 17:00:00,64.0,XTB.WA,-1.508161443991407,2025-03
2025-03-11 17:00:00,64.0199966430664,XTB.WA,0.031244754791259766,2025-03
2025-03-12 17:00:00,65.23999786376953,XTB.WA,1.9056564896512862,2025-03
2025-03-13 17:00:00,66.44000244140625,XTB.WA,1.8393694312230036,2025-03
2025-03-14 17:00:00,67.30000305175781,XTB.WA,1.294401834361758,2025-03
2025-03-17 17:00:00,67.04000091552734,XTB.WA,-0.3863330229428197,2025-03
2025-03-18 17:00:00,67.16000366210938,XTB.WA,0.17900170785085656,2025-03
2025-03-19 17:00:00,67.69999694824219,XTB.WA,0.8040399891125594,2025-03
2025-03-20 17:00:00,67.0199966430664,XTB.WA,-1.0044318106774086,2025-03
2025-03-21 17:00:00,66.66000366210938,XTB.WA,-0.5371426424776948,2025-03
2025-03-24 17:00:00,67.33999633789062,XTB.WA,1.020090966733278,2025-03
2025-03-25 17:00:00,69.77999877929688,XTB.WA,3.6234074459450483,2025-03
2025-03-26 17:00:00,69.27999877929688,XTB.WA,-0.7165377024173081,2025-03
2025-03-27 17:00:00,68.66000366210938,XTB.WA,-0.8949121364199231,2025-03
2025-03-28 17:00:00,68.13999938964844,XTB.WA,-0.7573612652571171,2025-03
2025-03-31 17:00:00,68.13999938964844,XTB.WA,0.0,2025-03
2025-04-01 17:00:00,67.12000274658203,XTB.WA,-1.4969131966581117,2025-04
2025-04-02 17:00:00,68.5999984741211,XTB.WA,2.2049995038393,2025-04
2025-04-03 17:00:00,68.13999938964844,XTB.WA,-0.670552616187281,2025-04
2025-04-04 17:00:00,66.4000015258789,XTB.WA,-2.5535630750737393,2025-04
2025-04-07 17:00:00,70.31999969482422,XTB.WA,5.903611564553235,2025-04
2025-04-08 17:00:00,71.77999877929688,XTB.WA,2.07622168772581,2025-04
2025-04-09 17:00:00,72.45999908447266,XTB.WA,0.9473395329339329,2025-04
2025-04-10 17:00:00,74.0,XTB.WA,2.125311806493446,2025-04
2025-04-11 17:00:00,75.12000274658203,XTB.WA,1.5135172251108608,2025-04
2025-04-14 17:00:00,75.4000015258789,XTB.WA,0.37273531557426853,2025-04
2025-04-15 17:00:00,78.04000091552734,XTB.WA,3.501325379605369,2025-04
2025-04-16 17:00:00,78.19999694824219,XTB.WA,0.20501797903362817,2025-04
2025-04-17 17:00:00,78.66000366210938,XTB.WA,0.5882439025818087,2025-04
2025-04-22 17:00:00,79.5,XTB.WA,1.067882403742182,2025-04
2025-04-23 17:00:00,80.4000015258789,XTB.WA,1.1320773910426407,2025-04
2025-04-24 17:00:00,80.5,XTB.WA,0.1243762092329126,2025-04
2025-04-25 17:00:00,80.26000213623047,XTB.WA,-0.2981339922602855,2025-04
2025-04-28 17:00:00,80.23999786376953,XTB.WA,-0.02492433581920972,2025-04
2025-04-29 17:00:00,78.87999725341797,XTB.WA,-1.6949160600185365,2025-04
2025-04-30 17:00:00,82.0,XTB.WA,3.9553788732501927,2025-04
2025-05-02 17:00:00,81.80000305175781,XTB.WA,-0.2438987173685181,2025-05
2025-05-05 17:00:00,84.4000015258789,XTB.WA,3.178482123620441,2025-05
2025-05-06 17:00:00,84.80000305175781,XTB.WA,0.47393544863414405,2025-05
2025-05-07 17:00:00,85.9000015258789,XTB.WA,1.2971679652531432,2025-05
2025-05-08 17:00:00,88.19999694824219,XTB.WA,2.677526637377725,2025-05
2025-05-09 17:00:00,89.80000305175781,XTB.WA,1.8140659397692938,2025-05
2025-05-12 17:00:00,89.26000213623047,XTB.WA,-0.6013373019777113,2025-05
2025-05-13 17:00:00,90.1999969482422,XTB.WA,1.0530974563243811,2025-05
2025-05-14 17:00:00,88.16000366210938,XTB.WA,-2.261633431432819,2025-05
2025-05-15 17:00:00,86.19999694824219,XTB.WA,-2.223238013214357,2025-05
2025-05-16 17:00:00,85.80000305175781,XTB.WA,-0.4640300587534174,2025-05
2025-05-19 17:00:00,84.5,XTB.WA,-1.5151550180873552,2025-05
2025-05-20 17:00:00,83.91999816894531,XTB.WA,-0.6863926994730041,2025-05
2025-05-21 17:00:00,83.5,XTB.WA,-0.5004744734381283,2025-05
2025-05-22 17:00:00,82.0,XTB.WA,-1.7964071856287456,2025-05
2025-05-23 17:00:00,81.58000183105469,XTB.WA,-0.5121928889576965,2025-05
2025-05-26 17:00:00,82.94000244140625,XTB.WA,1.667075974290877,2025-05
2025-05-27 17:00:00,83.0199966430664,XTB.WA,0.09644827502466313,2025-05
2025-05-28 17:00:00,82.66000366210938,XTB.WA,-0.4336220133864588,2025-05
2025-05-29 17:00:00,82.4000015258789,XTB.WA,-0.3145440657047138,2025-05
2025-05-30 17:00:00,82.69999694824219,XTB.WA,0.36407210777666954,2025-05
2025-06-02 17:00:00,82.0,XTB.WA,-0.8464292310437216,2025-06
2025-06-03 17:00:00,81.12000274658203,XTB.WA,-1.073167382217033,2025-06
2025-06-04 17:00:00,80.76000213623047,XTB.WA,-0.4437877196284079,2025-06
2025-06-05 17:00:00,79.66000366210938,XTB.WA,-1.362058500525487,2025-06
2025-06-06 17:00:00,80.04000091552734,XTB.WA,0.47702389649615373,2025-06
2025-06-09 17:00:00,80.62000274658203,XTB.WA,0.7246399605452369,2025-06
2025-06-10 17:00:00,80.58000183105469,XTB.WA,-0.04961661394763395,2025-06
2025-06-11 17:00:00,79.81999969482422,XTB.WA,-0.9431647045924585,2025-06
2025-06-12 17:00:00,78.63999938964844,XTB.WA,-1.4783266220086189,2025-06
2025-06-13 17:00:00,74.12000274658203,XTB.WA,-5.747706864378976,2025-06
2025-06-16 17:00:00,73.76000213623047,XTB.WA,-0.48569967216867127,2025-06
2025-06-17 17:00:00,74.69999694824219,XTB.WA,1.2743964002002173,2025-06
2025-06-18 17:00:00,73.37999725341797,XTB.WA,-1.7670679367481346,2025-06
2025-06-20 17:00:00,74.83999633789062,XTB.WA,1.9896417813025424,2025-06
2025-06-23 17:00:00,73.23999786376953,XTB.WA,-2.137892239996053,2025-06
2025-06-24 17:00:00,77.54000091552734,XTB.WA,5.8711130218163765,2025-06
2025-06-25 17:00:00,79.66000366210938,XTB.WA,2.7340762465189794,2025-06
2025-06-26 17:00:00,80.4800033569336,XTB.WA,1.0293744126630644,2025-06
2025-06-27 17:00:00,80.5999984741211,XTB.WA,0.14909929446116355,2025-06
2025-06-30 17:00:00,81.45999908447266,XTB.WA,1.0669982960703095,2025-06
2025-07-01 17:00:00,79.5,XTB.WA,-2.406087781120858,2025-07
2025-07-02 17:00:00,77.5,XTB.WA,-2.515723270440251,2025-07
2025-07-03 17:00:00,75.22000122070312,XTB.WA,-2.941933908770167,2025-07
2025-07-04 17:00:00,74.58000183105469,XTB.WA,-0.8508367179769327,2025-07
2025-07-07 17:00:00,70.0,XTB.WA,-6.141058887917062,2025-07
2025-07-08 17:00:00,72.12000274658203,XTB.WA,3.0285753522600434,2025-07
2025-07-09 17:00:00,72.5,XTB.WA,0.5268957833421295,2025-07
2025-07-10 17:00:00,71.4000015258789,XTB.WA,-1.5172392746497843,2025-07
2025-07-11 17:00:00,71.87999725341797,XTB.WA,0.6722629093573351,2025-07
2025-07-14 17:00:00,72.0999984741211,XTB.WA,0.30606737494367486,2025-07
2025-07-15 17:00:00,71.76000213623047,XTB.WA,-0.47156219845505554,2025-07
2025-07-16 17:00:00,71.0999984741211,XTB.WA,-0.9197375173657485,2025-07
2025-07-17 17:00:00,71.66000366210938,XTB.WA,0.7876303797560658,2025-07
2025-07-18 17:00:00,73.9000015258789,XTB.WA,3.1258690333474615,2025-07
2025-07-21 17:00:00,73.4000015258789,XTB.WA,-0.6765899724980429,2025-07
2025-07-22 17:00:00,71.33999633789062,XTB.WA,-2.8065465192967043,2025-07
2025-07-23 17:00:00,71.5999984741211,XTB.WA,0.3644549335256597,2025-07
2025-07-24 17:00:00,72.91999816894531,XTB.WA,1.843575032059963,2025-07
2025-07-25 17:00:00,73.12000274658203,XTB.WA,0.27427946058546926,2025-07
2025-07-28 17:00:00,72.69999694824219,XTB.WA,-0.5744061577725779,2025-07
2025-07-29 17:00:00,73.95999908447266,XTB.WA,1.7331529423962877,2025-07
2025-07-30 17:00:00,75.0,XTB.WA,1.4061667501368058,2025-07
2025-07-31 17:00:00,75.05999755859375,XTB.WA,0.07999674479166607,2025-07
2025-08-01 17:00:00,70.12000274658203,XTB.WA,-6.581394847708911,2025-08
2025-08-04 17:00:00,72.30000305175781,XTB.WA,3.1089563887418015,2025-08
2025-08-05 17:00:00,74.23999786376953,XTB.WA,2.6832568881399954,2025-08
2025-08-06 17:00:00,76.13999938964844,XTB.WA,2.559269370353978,2025-08
2025-08-07 17:00:00,78.0,XTB.WA,2.442869221515176,2025-08
2025-08-08 17:00:00,77.4000015258789,XTB.WA,-0.7692288129757641,2025-08
2025-08-11 17:00:00,77.0,XTB.WA,-0.5167978268646012,2025-08
2025-08-12 17:00:00,76.68000030517578,XTB.WA,-0.4155840192522353,2025-08
2025-08-13 17:00:00,76.22000122070312,XTB.WA,-0.5998944739722512,2025-08
2025-08-14 17:00:00,76.36000061035156,XTB.WA,0.18367802073770978,2025-08
2025-08-18 17:00:00,77.19999694824219,XTB.WA,1.1000475788062625,2025-08
2025-08-19 17:00:00,77.4000015258789,XTB.WA,0.2590732973354992,2025-08
2025-08-20 17:00:00,76.4800033569336,XTB.WA,-1.1886281018194889,2025-08
2025-08-21 17:00:00,77.5,XTB.WA,1.3336775605331308,2025-08
2025-08-22 17:00:00,77.5,XTB.WA,0.0,2025-08
2025-08-25 17:00:00,77.68000030517578,XTB.WA,0.2322584582913345,2025-08
2025-08-26 17:00:00,77.54000091552734,XTB.WA,-0.18022578411229784,2025-08
2025-08-27 17:00:00,76.76000213623047,XTB.WA,-1.005930835810298,2025-08
2025-08-28 17:00:00,75.54000091552734,XTB.WA,-1.589371009315399,2025-08
2025-08-29 17:00:00,77.0,XTB.WA,1.9327496250699072,2025-08
2025-09-01 17:00:00,76.87999725341797,XTB.WA,-0.15584772283380177,2025-09
2025-09-02 17:00:00,75.5,XTB.WA,-1.795001694483822,2025-09
2025-09-03 17:00:00,76.30000305175781,XTB.WA,1.0596066910699475,2025-09
2025-09-04 17:00:00,77.54000091552734,XTB.WA,1.6251609622196073,2025-09
2025-09-05 17:00:00,76.63999938964844,XTB.WA,-1.1606932102817158,2025-09
2025-09-08 17:00:00,78.58000183105469,XTB.WA,2.5313184457935733,2025-09
2025-09-09 17:00:00,78.33999633789062,XTB.WA,-0.3054282101953465,2025-09
2025-09-10 17:00:00,75.81999969482422,XTB.WA,-3.2167433761387088,2025-09
2025-09-11 17:00:00,76.22000122070312,XTB.WA,0.527567300829479,2025-09
2025-09-12 17:00:00,75.72000122070312,XTB.WA,-0.6559957911207559,2025-09
2025-09-15 17:00:00,75.83999633789062,XTB.WA,0.15847215432254202,2025-09
2025-09-16 17:00:00,73.86000061035156,XTB.WA,-2.610753986217995,2025-09
2025-09-17 17:00:00,72.19999694824219,XTB.WA,-2.247500200909458,2025-09
2025-09-18 17:00:00,73.0,XTB.WA,1.1080375146432564,2025-09
2025-09-19 17:00:00,72.0,XTB.WA,-1.3698630136986356,2025-09
2025-09-22 17:00:00,72.22000122070312,XTB.WA,0.3055572509765625,2025-09
2025-09-23 17:00:00,72.91999816894531,XTB.WA,0.9692563506098706,2025-09
2025-09-24 17:00:00,72.37999725341797,XTB.WA,-0.7405388495433596,2025-09
2025-09-25 17:00:00,71.76000213623047,XTB.WA,-0.8565835047171455,2025-09
2025-09-26 17:00:00,72.0,XTB.WA,0.33444517366918447,2025-09
2025-09-29 17:00:00,71.55999755859375,XTB.WA,-0.611114501953125,2025-09
2025-09-30 17:00:00,71.80000305175781,XTB.WA,0.3353905832201187,2025-09
2025-10-01 17:00:00,71.33999633789062,XTB.WA,-0.6406778472357266,2025-10
2025-10-02 17:00:00,71.30000305175781,XTB.WA,-0.056060118006440174,2025-10
2025-10-03 17:00:00,70.77999877929688,XTB.WA,-0.7293187239886367,2025-10
2025-10-06 17:00:00,68.95999908447266,XTB.WA,-2.5713474515579815,2025-10
2025-10-07 17:00:00,69.33999633789062,XTB.WA,0.5510401079798388,2025-10
2025-10-08 17:00:00,67.55999755859375,XTB.WA,-2.567059234648672,2025-10
2025-10-09 17:00:00,68.5999984741211,XTB.WA,1.539373820470269,2025-10
2025-10-10 17:00:00,67.41999816894531,XTB.WA,-1.7201171011992478,2025-10
2025-10-13 17:00:00,67.62000274658203,XTB.WA,0.2966546767556144,2025-10
2025-10-14 17:00:00,67.12000274658203,XTB.WA,-0.739426175230784,2025-10
2025-10-15 17:00:00,67.08000183105469,XTB.WA,-0.05959611723851399,2025-10
2025-10-16 17:00:00,67.30000305175781,XTB.WA,0.32796841785605046,2025-10
2025-10-17 17:00:00,67.19999694824219,XTB.WA,-0.14859747248260335,2025-10
2025-10-20 17:00:00,69.30000305175781,XTB.WA,3.1250092245287853,2025-10
2025-10-21 17:00:00,68.54000091552734,XTB.WA,-1.0966841309701714,2025-10
2025-10-22 17:00:00,67.19999694824219,XTB.WA,-1.9550684992500234,2025-10
2025-10-23 17:00:00,68.16000366210938,XTB.WA,1.4285814843214784,2025-10
2025-10-24 17:00:00,67.9000015258789,XTB.WA,-0.38145851270692255,2025-10
2025-10-27 17:00:00,68.18000030517578,XTB.WA,0.4123693269582063,2025-10
2025-10-28 17:00:00,68.4800033569336,XTB.WA,0.4400162077075276,2025-10
2025-10-29 17:00:00,65.5999984741211,XTB.WA,-4.205614400748859,2025-10
2025-10-30 17:00:00,68.5,XTB.WA,4.420734136179805,2025-10
2025-10-31 17:00:00,69.69999694824219,XTB.WA,1.7518203623973605,2025-10
2025-11-03 17:00:00,68.41999816894531,XTB.WA,-1.8364402228702725,2025-11
2025-11-04 17:00:00,70.55999755859375,XTB.WA,3.1277396184143047,2025-11
2025-11-05 17:00:00,71.5199966430664,XTB.WA,1.3605429672463698,2025-11
2025-11-06 17:00:00,70.44000244140625,XTB.WA,-1.5100590776731537,2025-11
2025-11-07 17:00:00,70.0199966430664,XTB.WA,-0.5962603404070177,2025-11
2025-11-10 17:00:00,71.4000015258789,XTB.WA,1.970872534951984,2025-11
2025-11-12 17:00:00,72.30000305175781,XTB.WA,1.2605063118278803,2025-11
2025-11-13 17:00:00,69.73999786376953,XTB.WA,-3.540809239185838,2025-11
2025-11-14 17:00:00,70.04000091552734,XTB.WA,0.43017358896948465,2025-11
2025-11-17 17:00:00,68.91999816894531,XTB.WA,-1.599090136981618,2025-11
2025-11-18 17:00:00,68.62000274658203,XTB.WA,-0.4352806592186731,2025-11
2025-11-19 17:00:00,70.04000091552734,XTB.WA,2.0693647801056647,2025-11
2025-11-20 17:00:00,70.0,XTB.WA,-0.05711152913260298,2025-11
2025-11-21 17:00:00,68.0199966430664,XTB.WA,-2.8285762241908485,2025-11
2025-11-24 17:00:00,68.33999633789062,XTB.WA,0.47044944224772234,2025-11
2025-11-25 17:00:00,69.23999786376953,XTB.WA,1.3169469916695098,2025-11
2025-11-26 17:00:00,69.77999877929688,XTB.WA,0.7798973601787162,2025-11
2025-11-27 17:00:00,70.27999877929688,XTB.WA,0.7165377024173081,2025-11
2025-11-28 17:00:00,70.66000366210938,XTB.WA,0.5407013224428825,2025-11
2025-12-01 17:00:00,70.0,XTB.WA,-0.9340555164212283,2025-12
2025-12-02 17:00:00,70.0,XTB.WA,0.0,2025-12
2025-12-03 17:00:00,69.19999694824219,XTB.WA,-1.142861502511161,2025-12
2025-12-04 17:00:00,69.30000305175781,XTB.WA,0.14451749700281624,2025-12
2025-12-05 17:00:00,68.5199966430664,XTB.WA,-1.1255503237263098,2025-12
2025-12-08 17:00:00,69.04000091552734,XTB.WA,0.7589087827451824,2025-12
2025-12-09 17:00:00,70.77999877929688,XTB.WA,2.520274972038994,2025-12
2025-12-10 17:00:00,72.4000015258789,XTB.WA,2.28878606177072,2025-12
2025-12-11 17:00:00,70.83999633789062,XTB.WA,-2.154703252914525,2025-12
2025-12-12 17:00:00,69.5999984741211,XTB.WA,-1.750420564471833,2025-12
2025-12-15 17:00:00,70.36000061035156,XTB.WA,1.09195711622474,2025-12
2025-12-16 17:00:00,69.30000305175781,XTB.WA,-1.5065343226244976,2025-12
2025-12-17 17:00:00,69.18000030517578,XTB.WA,-0.17316412885639565,2025-12
2025-12-18 17:00:00,69.4000015258789,XTB.WA,0.3180127489630369,2025-12
2025-12-19 17:00:00,69.81999969482422,XTB.WA,0.6051846681713657,2025-12
2025-12-22 17:00:00,71.0,XTB.WA,1.6900605991598816,2025-12
2025-12-23 17:00:00,71.04000091552734,XTB.WA,0.05633931764414957,2025-12
2025-12-29 17:00:00,72.23999786376953,XTB.WA,1.6891848715895774,2025-12
2025-12-30 17:00:00,71.81999969482422,XTB.WA,-0.5813928313471828,2025-12
2026-01-02 17:00:00,73.4000015258789,XTB.WA,2.1999468640606867,2026-01
2026-01-05 17:00:00,73.4800033569336,XTB.WA,0.10899431797215531,2026-01
2026-01-07 17:00:00,74.54000091552734,XTB.WA,1.4425660181923927,2026-01
2026-01-08 17:00:00,72.66000366210938,XTB.WA,-2.522132050344994,2026-01
2026-01-09 17:00:00,74.54000091552734,XTB.WA,2.5873894283855448,2026-01
2026-01-12 17:00:00,72.95999908447266,XTB.WA,-2.119669723166795,2026-01
2026-01-13 17:00:00,73.55999755859375,XTB.WA,0.8223663399809178,2026-01
2026-01-14 17:00:00,73.91999816894531,XTB.WA,0.4893972570687133,2026-01
2026-01-15 17:00:00,74.19999694824219,XTB.WA,0.37878623678659906,2026-01
2026-01-16 17:00:00,75.04000091552734,XTB.WA,1.1320808650047365,2026-01
2026-01-19 17:00:00,75.0999984741211,XTB.WA,0.07995410162813243,2026-01
2026-01-20 17:00:00,76.0,XTB.WA,1.198404186637947,2026-01
2026-01-21 17:00:00,76.80000305175781,XTB.WA,1.052635594418172,2026-01
2026-01-22 17:00:00,78.4000015258789,XTB.WA,2.0833312637276835,2026-01
2026-01-23 17:00:00,77.41999816894531,XTB.WA,-1.2500042574745462,2026-01
2026-01-26 17:00:00,76.0999984741211,XTB.WA,-1.7049854379274532,2026-01
2026-01-27 17:00:00,76.23999786376953,XTB.WA,0.18396766419916943,2026-01
2026-01-28 17:00:00,76.0,XTB.WA,-0.3147925898402737,2026-01
2026-01-29 17:00:00,75.9000015258789,XTB.WA,-0.13157693963301575,2026-01
2026-01-30 17:00:00,84.80000305175781,XTB.WA,11.725956978860342,2026-01
2026-02-02 17:00:00,86.63999938964844,XTB.WA,2.169806924143125,2026-02
2026-02-03 17:00:00,87.72000122070312,XTB.WA,1.2465395183090422,2026-02
2026-02-04 17:00:00,88.19999694824219,XTB.WA,0.547190744253867,2026-02
2026-02-05 17:00:00,86.26000213623047,XTB.WA,-2.199540679292944,2026-02
2026-02-06 17:00:00,86.26000213623047,XTB.WA,0.0,2026-02
2026-02-09 17:00:00,90.4800033569336,XTB.WA,4.892187707158269,2026-02
2026-02-10 17:00:00,90.9000015258789,XTB.WA,0.46418894049822246,2026-02
2026-02-11 17:00:00,89.63999938964844,XTB.WA,-1.3861409406816683,2026-02
2026-02-12 17:00:00,88.4000015258789,XTB.WA,-1.3833086481621737,2026-02
2026-02-13 17:00:00,90.1999969482422,XTB.WA,2.0361938815536718,2026-02
2026-02-16 17:00:00,91.5,XTB.WA,1.441245117229606,2026-02
2026-02-17 17:00:00,88.9800033569336,XTB.WA,-2.7540946918758524,2026-02
2026-02-18 17:00:00,89.62000274658203,XTB.WA,0.7192620425975349,2026-02
2026-02-19 17:00:00,88.55999755859375,XTB.WA,-1.182777455369699,2026-02
2026-02-20 17:00:00,88.5199966430664,XTB.WA,-0.04516815337632929,2026-02
2026-02-23 17:00:00,88.68000030517578,XTB.WA,0.1807542568653231,2026-02
2026-02-24 17:00:00,87.27999877929688,XTB.WA,-1.578711683650269,2026-02
2026-02-25 17:00:00,88.05999755859375,XTB.WA,0.893674140932621,2026-02
2026-02-26 17:00:00,88.18000030517578,XTB.WA,0.13627384727348257,2026-02
2026-02-27 17:00:00,88.9000015258789,XTB.WA,0.8165130621584638,2026-02
2026-03-02 17:00:00,91.13999938964844,XTB.WA,2.5196825931633526,2026-03
2026-03-03 17:00:00,91.5199966430664,XTB.WA,0.41693795914281573,2026-03
2026-03-04 17:00:00,93.0,XTB.WA,1.6171365944272154,2026-03
2026-03-05 17:00:00,92.77999877929688,XTB.WA,-0.23656045236895018,2026-03
2026-03-06 17:00:00,92.0,XTB.WA,-0.8406971217496118,2026-03
2026-03-09 17:00:00,93.0,XTB.WA,1.0869565217391353,2026-03
2026-03-10 17:00:00,95.86000061035156,XTB.WA,3.0752694734963004,2026-03
2026-03-11 17:00:00,95.5,XTB.WA,-0.3755483080110533,2026-03
2026-03-12 17:00:00,93.55999755859376,XTB.WA,-2.0314161690117682,2026-03
2026-03-13 17:00:00,93.68000030517578,XTB.WA,0.1282628791293705,2026-03
2026-03-16 17:00:00,93.05999755859376,XTB.WA,-0.6618304275856857,2026-03
2026-03-17 17:00:00,94.41999816894533,XTB.WA,1.4614234322274378,2026-03
2026-03-18 17:00:00,94.5,XTB.WA,0.08472975281308415,2026-03
2026-03-19 17:00:00,94.5,XTB.WA,0.0,2026-03
2026-03-20 17:00:00,91.58000183105467,XTB.WA,-3.0899451523230925,2026-03
2026-03-23 17:00:00,91.16000366210938,XTB.WA,-0.4586134096394856,2026-03
2026-03-24 17:00:00,90.68000030517578,XTB.WA,-0.5265503923329806,2026-03
2026-03-25 17:00:00,91.87999725341795,XTB.WA,1.3233314338373159,2026-03
2026-03-26 17:00:00,91.5,XTB.WA,-0.4135799573109167,2026-03
2026-03-27 17:00:00,92.6999969482422,XTB.WA,1.3114720745816433,2026-03
2026-03-30 17:00:00,92.22000122070312,XTB.WA,-0.5177947608855704,2026-03
2026-03-31 17:00:00,94.68000030517578,XTB.WA,2.667533129375399,2026-03
2026-04-01 17:00:00,94.86000061035156,XTB.WA,0.19011439015166332,2026-04
2026-04-02 17:00:00,95.6999969482422,XTB.WA,0.8855116302824317,2026-04
2026-04-07 17:00:00,98.6500015258789,XTB.WA,3.0825545158921663,2026-04
2026-04-08 17:00:00,100.0,XTB.WA,1.3684728365330523,2026-04
2026-04-09 17:00:00,104.0,XTB.WA,4.0000000000000036,2026-04
2026-04-10 17:00:00,104.18000030517578,XTB.WA,0.17307721651518282,2026-04
2026-04-13 17:00:00,108.0,XTB.WA,3.6667303548034713,2026-04
2026-04-14 17:00:00,110.4800033569336,XTB.WA,2.2962994045681473,2026-04
2026-04-15 17:00:00,113.44000244140624,XTB.WA,2.6792170479119415,2026-04
2026-04-16 17:00:00,108.6999969482422,XTB.WA,-4.17842506272188,2026-04
2026-04-17 17:00:00,109.76000213623048,XTB.WA,0.9751657936963865,2026-04
2026-04-20 17:00:00,108.62000274658205,XTB.WA,-1.03862916131644,2026-04
2026-04-21 17:00:00,106.23999786376952,XTB.WA,-2.191129462927044,2026-04
2026-04-22 17:00:00,110.05999755859376,XTB.WA,3.5956323151687064,2026-04
2026-04-23 17:00:00,106.83999633789062,XTB.WA,-2.925678077531191,2026-04
2026-04-24 17:00:00,105.8000030517578,XTB.WA,-0.9734119447587397,2026-04
2026-04-27 17:00:00,104.6999969482422,XTB.WA,-1.0397032814616014,2026-04
2026-04-28 17:00:00,105.8000030517578,XTB.WA,1.0506266815455412,2026-04
2026-04-29 17:00:00,100.73999786376952,XTB.WA,-4.782613461280249,2026-04
2026-04-30 17:00:00,102.0,XTB.WA,1.2507466378293808,2026-04
2026-05-04 17:00:00,99.0,XTB.WA,-2.941176470588236,2026-05
2026-05-05 17:00:00,99.66999816894533,XTB.WA,0.6767658272174959,2026-05
2026-05-06 17:00:00,102.08000183105467,XTB.WA,2.417983050450423,2026-05
2026-05-07 17:00:00,103.37999725341795,XTB.WA,1.2735064645813976,2026-05
2026-05-08 17:00:00,100.5199966430664,XTB.WA,-2.7664932156466926,2026-05
2026-05-11 17:00:00,107.12000274658205,XTB.WA,6.565863832000929,2026-05
2026-05-12 17:00:00,105.62000274658205,XTB.WA,-1.4002986944918305,2026-05
2026-05-13 17:00:00,108.83999633789062,XTB.WA,3.0486588785974877,2026-05
2026-05-14 17:00:00,110.3000030517578,XTB.WA,1.3414248098048587,2026-05
2026-05-15 17:00:00,105.41999816894533,XTB.WA,-4.424301675243425,2026-05
2026-05-18 17:00:00,104.6999969482422,XTB.WA,-0.6829835260946049,2026-05
2026-05-19 17:00:00,105.54000091552734,XTB.WA,0.8022960761884246,2026-05
2026-05-20 17:00:00,107.26000213623048,XTB.WA,1.6297149950565304,2026-05
2026-05-21 17:00:00,107.3000030517578,XTB.WA,0.037293412950445415,2026-05
2026-05-22 17:00:00,109.04000091552734,XTB.WA,1.6216195846054493,2026-05
2026-05-25 17:00:00,109.95999908447266,XTB.WA,0.8437253862993099,2026-05
2026-05-26 17:00:00,108.83999633789062,XTB.WA,-1.0185547070818313,2026-05
2026-05-27 17:00:00,99.8000030517578,XTB.WA,-8.305764048418773,2026-05
2026-05-28 17:00:00,102.0,XTB.WA,2.2044056923537836,2026-05
2026-05-29 17:00:00,103.63999938964844,XTB.WA,1.6078425388710071,2026-05
2026-06-01 17:00:00,103.08000183105467,XTB.WA,-0.5403295657001927,2026-06
2026-06-02 17:00:00,102.81999969482422,XTB.WA,-0.25223334459829605,2026-06
2026-06-03 17:00:00,105.81999969482422,XTB.WA,2.9177202965416926,2026-06
2026-06-05 17:00:00,108.5999984741211,XTB.WA,2.6271014811133586,2026-06
2026-06-08 17:00:00,107.26000213623048,XTB.WA,-1.2338824647496915,2026-06
2026-06-09 17:00:00,109.04000091552734,XTB.WA,1.6595177548440532,2026-06
2026-06-10 17:00:00,108.9000015258789,XTB.WA,-0.12839268935525006,2026-06
2026-06-11 17:00:00,109.0,XTB.WA,0.09182596209360572,2026-06
2026-06-12 17:00:00,110.0,XTB.WA,0.917431192660545,2026-06
2026-06-15 17:00:00,108.16000366210938,XTB.WA,-1.6727239435369357,2026-06
2026-06-16 17:00:00,108.91999816894533,XTB.WA,0.7026576193637668,2026-06
2026-06-17 17:00:00,109.13999938964844,XTB.WA,0.20198423099664353,2026-06
2026-06-18 17:00:00,110.0,XTB.WA,0.7879793065429741,2026-06
2026-06-19 17:00:00,109.5,XTB.WA,-0.4545454545454519,2026-06
2026-06-22 17:00:00,109.4000015258789,XTB.WA,-0.09132280741652732,2026-06
2026-06-23 17:00:00,109.0999984741211,XTB.WA,-0.27422582045105726,2026-06
2026-06-24 17:00:00,107.54000091552734,XTB.WA,-1.4298786254921758,2026-06
2026-06-25 17:00:00,107.5999984741211,XTB.WA,0.05579092252461226,2026-06
2026-06-26 17:00:00,104.12000274658205,XTB.WA,-3.2341968186700543,2026-06
2026-06-29 17:00:00,105.54000091552734,XTB.WA,1.3638091927460128,2026-06
2026-06-30 17:00:00,106.95999908447266,XTB.WA,1.345459689811701,2026-06
2026-07-01 17:00:00,110.0,XTB.WA,2.8421848742972378,2026-07
2026-07-02 17:00:00,116.94000244140624,XTB.WA,6.309093128551124,2026-07
2026-07-03 17:00:00,118.4000015258789,XTB.WA,1.2485026971024826,2026-07
2026-07-06 17:00:00,120.1999969482422,XTB.WA,1.5202663844306352,2026-07
2026-07-07 17:00:00,121.44000244140624,XTB.WA,1.0316185729172478,2026-07
2026-07-08 17:00:00,124.0,XTB.WA,2.108034837885442,2026-07
2026-07-09 17:00:00,127.9000015258789,XTB.WA,3.145162520870093,2026-07
2026-07-10 17:00:00,129.39999389648438,XTB.WA,1.1727852640423642,2026-07
2026-07-13 17:00:00,128.13999938964844,XTB.WA,-0.9737206849050439,2026-07
2026-07-14 17:00:00,130.6999969482422,XTB.WA,1.9978129942152645,2026-07
2026-07-15 17:00:00,135.1999969482422,XTB.WA,3.4429993152808036,2026-07
2026-07-16 17:00:00,131.8000030517578,XTB.WA,-2.514788441737892,2026-07
2026-07-17 17:00:00,131.39999389648438,XTB.WA,-0.30349707588122055,2026-07
2026-07-20 17:00:00,133.4600067138672,XTB.WA,1.5677419429757977,2026-07
2026-07-21 17:00:00,137.5800018310547,XTB.WA,3.08706347214609,2026-07
2026-07-22 17:00:00,138.0,XTB.WA,0.3052755948215857,2026-07
2026-07-23 17:00:00,135.9600067138672,XTB.WA,-1.4782560044440674,2026-07
2026-07-24 17:00:00,137.0,XTB.WA,0.7649258861258446,2026-07
2026-07-27 17:00:00,138.8000030517578,XTB.WA,1.3138708406991384,2026-07
2026-07-28 17:00:00,138.5,XTB.WA,-0.21614052245081394,2026-07
2026-07-29 17:00:00,135.94000244140625,XTB.WA,-1.848373688515348,2026-07
2026-07-30 17:00:00,147.67999267578125,XTB.WA,8.63615567421756,2026-07
2026-07-31 17:00:00,148.72000122070312,XTB.WA,0.7042311731455309,2026-07
2026-08-03 17:00:00,151.17999267578125,XTB.WA,1.654109356432465,2026-08
2026-08-04 17:00:00,157.72000122070312,XTB.WA,4.325974905255814,2026-08
2026-08-05 17:00:00,161.0,XTB.WA,2.0796340057765095,2026-08
2026-08-06 17:00:00,166.6199951171875,XTB.WA,3.4906801970108647,2026-08
2026-08-07 17:00:00,168.0,XTB.WA,0.8282348597129063,2026-08
2026-08-10 17:00:00,166.27999877929688,XTB.WA,-1.023810250418522,2026-08
2026-08-11 17:00:00,169.05999755859375,XTB.WA,1.6718780368688568,2026-08
2026-08-12 17:00:00,177.8000030517578,XTB.WA,5.169765538494642,2026-08
2026-08-13 17:00:00,172.0,XTB.WA,-3.2620938988788595,2026-08
2026-08-14 17:00:00,176.36000061035156,XTB.WA,2.5348840757857927,2026-08
2026-08-17 17:00:00,169.17999267578125,XTB.WA,-4.071222448243105,2026-08
2026-08-18 17:00:00,166.4600067138672,XTB.WA,-1.6077468256702643,2026-08
2026-08-19 17:00:00,164.5,XTB.WA,-1.1774640362932964,2026-08
2026-08-20 17:00:00,163.27999877929688,XTB.WA,-0.7416420794547851,2026-08
2026-08-21 17:00:00,168.3000030517578,XTB.WA,3.074475937035248,2026-08
2026-08-24 17:00:00,171.10000610351562,XTB.WA,1.6636975644597651,2026-08
2026-08-25 17:00:00,173.24000549316406,XTB.WA,1.2507301655814818,2026-08
2026-08-26 17:00:00,180.0,XTB.WA,3.902097836808638,2026-08
2026-08-27 17:00:00,182.0,XTB.WA,1.1111111111111072,2026-08
2026-08-28 17:00:00,180.83999633789065,XTB.WA,-0.63736464951063,2026-08
2026-08-31 17:00:00,184.16000366210935,XTB.WA,1.8358811056462532,2026-08
2026-09-01 17:00:00,182.75999450683597,XTB.WA,-0.7602134705872787,2026-09
2026-09-02 17:00:00,174.3000030517578,XTB.WA,-4.629017131406032,2026-09
2026-09-03 17:00:00,157.24000549316406,XTB.WA,-9.787720745780959,2026-09
